mc	mn	quarterbeats	quarterbeats_all_endings	duration_qb	mc_onset	mn_onset	event	timesig	staff	voice	duration	gracenote	nominal_duration	scalar	chord_id	articulation	staff_text	tempo	qpm	metronome_base	metronome_number	tempo_visible	thoroughbass_duration	thoroughbass_level_1	thoroughbass_level_2	thoroughbass_level_3	slur
1	0	0	0	0.0	0	1/4	Tempo	4/4	1	1	0							L√©g√®rement	108.0			1.0					
1	0	1/4	1/4	0.0	1/16	5/16	Tempo	4/4	1	1	0							ùÖü=90	90.0	ùÖü	90.0	0.0					
1	0	1/4	1/4	0.25	1/16	5/16	Chord	4/4	1	1	1/16		1/16	1	0												
1	0	1/2	1/2	0.25	1/8	3/8	Chord	4/4	1	1	1/16		1/16	1	1	ornamentShortTrill											
1	0	3/4	3/4	0.25	3/16	7/16	Chord	4/4	1	1	1/16		1/16	1	2												
1	0	1	1	0.5	1/4	1/2	Chord	4/4	1	1	1/8		1/8	1	3												
1	0	3/2	3/2	0.5	3/8	5/8	Chord	4/4	1	1	1/8		1/8	1	4	ornamentMordent											
1	0	2	2	0.5	1/2	3/4	Chord	4/4	1	1	1/8		1/8	1	5												
1	0	5/2	5/2	0.5	5/8	7/8	Chord	4/4	1	1	1/8		1/8	1	6	ornamentTurn											
1	0	1/4	1/4	0.25	1/16	5/16	Chord	4/4	2	1	1/16		1/16	1	7												
1	0	1/2	1/2	0.0	1/8	3/8	FiguredBass	4/4	2	1	0												1/8	6			
1	0	1/2	1/2	0.5	1/8	3/8	Chord	4/4	2	1	1/8		1/8	1	8												
1	0	1	1	0.0	1/4	1/2	FiguredBass	4/4	2	1	0												1/8	6			
1	0	1	1	0.5	1/4	1/2	Chord	4/4	2	1	1/8		1/8	1	9												
1	0	3/2	3/2	0.5	3/8	5/8	Chord	4/4	2	1	1/8		1/8	1	10												
1	0	2	2	0.0	1/2	3/4	FiguredBass	4/4	2	1	0												1/8	4			
1	0	2	2	0.5	1/2	3/4	Chord	4/4	2	1	1/8		1/8	1	11												
1	0	5/2	5/2	0.0	5/8	7/8	FiguredBass	4/4	2	1	0												1/8	3			
1	0	5/2	5/2	0.5	5/8	7/8	Chord	4/4	2	1	1/8		1/8	1	12												
2	1	3	3	0.5	0	0	Chord	4/4	1	1	1/8		1/8	1	13												
2	1	7/2	7/2	0.25	1/8	1/8	Chord	4/4	1	1	1/16		1/16	1	14												
2	1	15/4	15/4	0.25	3/16	3/16	Chord	4/4	1	1	1/16		1/16	1	15												
2	1	4	4	0.5	1/4	1/4	Chord	4/4	1	1	1/8		1/8	1	16												
2	1	9/2	9/2	0.25	3/8	3/8	Chord	4/4	1	1	1/16		1/16	1	17												
2	1	19/4	19/4	0.25	7/16	7/16	Chord	4/4	1	1	1/16		1/16	1	18												
2	1	5	5	0.25	1/2	1/2	Chord	4/4	1	1	1/16		1/16	1	19												
2	1	21/4	21/4	0.25	9/16	9/16	Chord	4/4	1	1	1/16		1/16	1	20												
2	1	11/2	11/2	0.25	5/8	5/8	Chord	4/4	1	1	1/16		1/16	1	21												
2	1	23/4	23/4	0.25	11/16	11/16	Chord	4/4	1	1	1/16		1/16	1	22												
2	1	6	6	0.75	3/4	3/4	Chord	4/4	1	1	3/16		1/8	3/2	23	ornamentShortTrill											
2	1	27/4	27/4	0.25	15/16	15/16	Chord	4/4	1	1	1/16		1/16	1	24												
2	1	3	3	0.0	0	0	FiguredBass	4/4	2	1	0												1/8	5			
2	1	3	3	0.5	0	0	Chord	4/4	2	1	1/8		1/8	1	25												
2	1	7/2	7/2	0.0	1/8	1/8	FiguredBass	4/4	2	1	0												1/8	6			
2	1	7/2	7/2	0.5	1/8	1/8	Chord	4/4	2	1	1/8		1/8	1	26												
2	1	4	4	0.0	1/4	1/4	FiguredBass	4/4	2	1	0												1/4	5/_			
2	1	4	4	0.5	1/4	1/4	Chord	4/4	2	1	1/8		1/8	1	27												
2	1	9/2	9/2	0.5	3/8	3/8	Chord	4/4	2	1	1/8		1/8	1	28												
2	1	5	5	0.5	1/2	1/2	Chord	4/4	2	1	1/8		1/8	1	29												
2	1	11/2	11/2	0.0	5/8	5/8	FiguredBass	4/4	2	1	0												1/8	7	5		
2	1	11/2	11/2	0.5	5/8	5/8	Chord	4/4	2	1	1/8		1/8	1	30												
2	1	6	6	0.5	3/4	3/4	Chord	4/4	2	1	1/8		1/8	1	31												
2	1	13/2	13/2	0.5	7/8	7/8	Chord	4/4	2	1	1/8		1/8	1	32												
2	1	6	6	1.0	3/4	3/4	Chord	4/4	2	2	1/4		1/4	1	33												
3	2	7	7	0.5	0	0	Chord	4/4	1	1	1/8		1/8	1	34												
3	2	15/2	15/2	0.5	1/8	1/8	Chord	4/4	1	1	1/8		1/8	1	35												
3	2	8	8	1.0	1/4	1/4	Chord	4/4	1	1	1/4		1/4	1	36	ornamentMordent											
3	2	9	9	0.5	1/2	1/2	Chord	4/4	1	1	1/8		1/8	1	37												
3	2	19/2	19/2	0.25	5/8	5/8	Chord	4/4	1	1	1/16		1/16	1	38	ornamentShortTrill											
3	2	39/4	39/4	0.25	11/16	11/16	Chord	4/4	1	1	1/16		1/16	1	39												
3	2	10	10	1.0	3/4	3/4	Chord	4/4	1	1	1/4		1/4	1	40	ornamentMordent											
3	2	17/2	17/2	0.25	3/8	3/8	Chord	4/4	1	2	1/16		1/16	1	41												
3	2	35/4	35/4	0.25	7/16	7/16	Chord	4/4	1	2	1/16		1/16	1	42												
3	2	9	9	0.5	1/2	1/2	Chord	4/4	1	2	1/8		1/8	1	43												
3	2	21/2	21/2	0.25	7/8	7/8	Chord	4/4	1	2	1/16		1/16	1	44												
3	2	43/4	43/4	0.25	15/16	15/16	Chord	4/4	1	2	1/16		1/16	1	45												
3	2	7	7	1.0	0	0	Chord	4/4	2	1	1/4		1/4	1	46	ornamentMordent											
3	2	8	8	0.0	1/4	1/4	FiguredBass	4/4	2	1	0												1/4	6_			
3	2	17/2	17/2	0.5	3/8	3/8	Chord	4/4	2	1	1/8		1/8	1	47												
3	2	9	9	0.0	1/2	1/2	FiguredBass	4/4	2	1	0												1/4	7			
3	2	9	9	1.0	1/2	1/2	Chord	4/4	2	1	1/4		1/4	1	48												
3	2	10	10	0.0	3/4	3/4	FiguredBass	4/4	2	1	0												1/4	6_			
3	2	21/2	21/2	0.5	7/8	7/8	Chord	4/4	2	1	1/8		1/8	1	49												
4	3	11	11	0.5	0	0	Chord	4/4	1	1	1/8		1/8	1	50												
4	3	23/2	23/2	0.25	1/8	1/8	Chord	4/4	1	1	1/16		1/16	1	51	ornamentShortTrill											
4	3	47/4	47/4	0.25	3/16	3/16	Chord	4/4	1	1	1/16		1/16	1	52												
4	3	12	12	0.25	1/4	1/4	Chord	4/4	1	1	1/16		1/16	1	53												
4	3	49/4	49/4	0.25	5/16	5/16	Chord	4/4	1	1	1/16		1/16	1	54												
4	3	25/2	25/2	0.25	3/8	3/8	Chord	4/4	1	1	1/16		1/16	1	55												
4	3	51/4	51/4	0.25	7/16	7/16	Chord	4/4	1	1	1/16		1/16	1	56												
4	3	13	13	0.25	1/2	1/2	Chord	4/4	1	1	1/16		1/16	1	57	ornamentShortTrill											
4	3	53/4	53/4	0.25	9/16	9/16	Chord	4/4	1	1	1/16		1/16	1	58												
4	3	27/2	27/2	0.25	5/8	5/8	Chord	4/4	1	1	1/16		1/16	1	59												
4	3	55/4	55/4	0.25	11/16	11/16	Chord	4/4	1	1	1/16		1/16	1	60												
4	3	14	14	0.75	3/4	3/4	Chord	4/4	1	1	3/16		1/8	3/2	61	ornamentShortTrill											
4	3	59/4	59/4	0.25	15/16	15/16	Chord	4/4	1	1	1/16		1/16	1	62												
4	3	11	11	0.5	0	0	Chord	4/4	1	2	1/8		1/8	1	63												
4	3	11	11	0.0	0	0	FiguredBass	4/4	2	1	0												1/4	7_			
4	3	11	11	0.5	0	0	Chord	4/4	2	1	1/8		1/8	1	64												
4	3	23/2	23/2	0.25	1/8	1/8	Chord	4/4	2	1	1/16		1/16	1	65												
4	3	47/4	47/4	0.25	3/16	3/16	Chord	4/4	2	1	1/16		1/16	1	66												
4	3	12	12	0.5	1/4	1/4	Chord	4/4	2	1	1/8		1/8	1	67												
4	3	25/2	25/2	0.5	3/8	3/8	Chord	4/4	2	1	1/8		1/8	1	68												
4	3	13	13	0.5	1/2	1/2	Chord	4/4	2	1	1/8		1/8	1	69												
4	3	27/2	27/2	0.0	5/8	5/8	FiguredBass	4/4	2	1	0												1/8	5/			
4	3	27/2	27/2	0.5	5/8	5/8	Chord	4/4	2	1	1/8		1/8	1	70												
4	3	14	14	0.5	3/4	3/4	Chord	4/4	2	1	1/8		1/8	1	71												
4	3	29/2	29/2	0.5	7/8	7/8	Chord	4/4	2	1	1/8		1/8	1	72												
5	4	15	15	0.25	0	0	Chord	4/4	1	1	1/16		1/16	1	73												
5	4	61/4	61/4	0.25	1/16	1/16	Chord	4/4	1	1	1/16		1/16	1	74												
5	4	31/2	31/2	0.25	1/8	1/8	Chord	4/4	1	1	1/16		1/16	1	75												
5	4	63/4	63/4	0.25	3/16	3/16	Chord	4/4	1	1	1/16		1/16	1	76												
5	4	16	16	0.25	1/4	1/4	Chord	4/4	1	1	1/16		1/16	1	77												
5	4	65/4	65/4	0.25	5/16	5/16	Chord	4/4	1	1	1/16		1/16	1	78												
5	4	33/2	33/2	0.25	3/8	3/8	Chord	4/4	1	1	1/16		1/16	1	79												
5	4	67/4	67/4	0.25	7/16	7/16	Chord	4/4	1	1	1/16		1/16	1	80												
5	4	17	17	0.25	1/2	1/2	Chord	4/4	1	1	1/16		1/16	1	81	ornamentShortTrill											
5	4	69/4	69/4	0.25	9/16	9/16	Chord	4/4	1	1	1/16		1/16	1	82												
5	4	35/2	35/2	0.25	5/8	5/8	Chord	4/4	1	1	1/16		1/16	1	83												
5	4	71/4	71/4	0.25	11/16	11/16	Chord	4/4	1	1	1/16		1/16	1	84												
5	4	18	18	0.25	3/4	3/4	Chord	4/4	1	1	1/16		1/16	1	85												
5	4	73/4	73/4	0.25	13/16	13/16	Chord	4/4	1	1	1/16		1/16	1	86												
5	4	37/2	37/2	0.25	7/8	7/8	Chord	4/4	1	1	1/16		1/16	1	87												
5	4	75/4	75/4	0.25	15/16	15/16	Chord	4/4	1	1	1/16		1/16	1	88												
5	4	15	15	1.0	0	0	Chord	4/4	2	1	1/4		1/4	1	89												
5	4	33/2	33/2	0.5	3/8	3/8	Chord	4/4	2	1	1/8		1/8	1	90												
5	4	17	17	0.0	1/2	1/2	FiguredBass	4/4	2	1	0												1/4	5_			
5	4	17	17	0.5	1/2	1/2	Chord	4/4	2	1	1/8		1/8	1	91												
5	4	35/2	35/2	0.5	5/8	5/8	Chord	4/4	2	1	1/8		1/8	1	92												
5	4	18	18	0.0	3/4	3/4	FiguredBass	4/4	2	1	0												1/4	6_			
5	4	18	18	0.5	3/4	3/4	Chord	4/4	2	1	1/8		1/8	1	93												
5	4	37/2	37/2	0.5	7/8	7/8	Chord	4/4	2	1	1/8		1/8	1	94												
6	5	19	19	0.25	0	0	Chord	4/4	1	1	1/16		1/16	1	95	ornamentShortTrill											
6	5	77/4	77/4	0.25	1/16	1/16	Chord	4/4	1	1	1/16		1/16	1	96												
6	5	39/2	39/2	0.25	1/8	1/8	Chord	4/4	1	1	1/16		1/16	1	97												
6	5	79/4	79/4	0.25	3/16	3/16	Chord	4/4	1	1	1/16		1/16	1	98												
6	5	20	20	0.25	1/4	1/4	Chord	4/4	1	1	1/16		1/16	1	99												
6	5	81/4	81/4	0.25	5/16	5/16	Chord	4/4	1	1	1/16		1/16	1	100												
6	5	41/2	41/2	0.25	3/8	3/8	Chord	4/4	1	1	1/16		1/16	1	101												
6	5	83/4	83/4	0.25	7/16	7/16	Chord	4/4	1	1	1/16		1/16	1	102												
6	5	21	21	0.25	1/2	1/2	Chord	4/4	1	1	1/16		1/16	1	103												
6	5	85/4	85/4	0.25	9/16	9/16	Chord	4/4	1	1	1/16		1/16	1	104												
6	5	43/2	43/2	0.25	5/8	5/8	Chord	4/4	1	1	1/16		1/16	1	105												
6	5	87/4	87/4	0.25	11/16	11/16	Chord	4/4	1	1	1/16		1/16	1	106												
6	5	22	22	0.25	3/4	3/4	Chord	4/4	1	1	1/16		1/16	1	107												
6	5	89/4	89/4	0.25	13/16	13/16	Chord	4/4	1	1	1/16		1/16	1	108												
6	5	45/2	45/2	0.25	7/8	7/8	Chord	4/4	1	1	1/16		1/16	1	109												
6	5	91/4	91/4	0.25	15/16	15/16	Chord	4/4	1	1	1/16		1/16	1	110												
6	5	19	19	0.0	0	0	FiguredBass	4/4	2	1	0												1/4	#3			
6	5	19	19	1.0	0	0	Chord	4/4	2	1	1/4		1/4	1	111												
6	5	41/2	41/2	0.0	3/8	3/8	FiguredBass	4/4	2	1	0												1/8	#5			
6	5	41/2	41/2	0.5	3/8	3/8	Chord	4/4	2	1	1/8		1/8	1	112												
6	5	21	21	0.0	1/2	1/2	FiguredBass	4/4	2	1	0												1/4	5_			
6	5	21	21	0.5	1/2	1/2	Chord	4/4	2	1	1/8		1/8	1	113												
6	5	43/2	43/2	0.5	5/8	5/8	Chord	4/4	2	1	1/8		1/8	1	114												
6	5	22	22	0.0	3/4	3/4	FiguredBass	4/4	2	1	0												1/4	6_			
6	5	22	22	0.5	3/4	3/4	Chord	4/4	2	1	1/8		1/8	1	115												
6	5	45/2	45/2	0.5	7/8	7/8	Chord	4/4	2	1	1/8		1/8	1	116												
7	6	23	23	0.25	0	0	Chord	4/4	1	1	1/16		1/16	1	117	ornamentShortTrill											
7	6	93/4	93/4	0.25	1/16	1/16	Chord	4/4	1	1	1/16		1/16	1	118												
7	6	47/2	47/2	0.25	1/8	1/8	Chord	4/4	1	1	1/16		1/16	1	119												
7	6	95/4	95/4	0.25	3/16	3/16	Chord	4/4	1	1	1/16		1/16	1	120												
7	6	24	24	0.25	1/4	1/4	Chord	4/4	1	1	1/16		1/16	1	121												
7	6	97/4	97/4	0.25	5/16	5/16	Chord	4/4	1	1	1/16		1/16	1	122												
7	6	49/2	49/2	0.25	3/8	3/8	Chord	4/4	1	1	1/16		1/16	1	123												
7	6	99/4	99/4	0.25	7/16	7/16	Chord	4/4	1	1	1/16		1/16	1	124												
7	6	25	25	0.25	1/2	1/2	Chord	4/4	1	1	1/16		1/16	1	125												
7	6	101/4	101/4	0.25	9/16	9/16	Chord	4/4	1	1	1/16		1/16	1	126												
7	6	51/2	51/2	0.25	5/8	5/8	Chord	4/4	1	1	1/16		1/16	1	127	ornamentMordent											
7	6	103/4	103/4	0.25	11/16	11/16	Chord	4/4	1	1	1/16		1/16	1	128												
7	6	26	26	0.75	3/4	3/4	Chord	4/4	1	1	3/16		1/8	3/2	129	ornamentShortTrill											
7	6	107/4	107/4	0.25	15/16	15/16	Chord	4/4	1	1	1/16		1/16	1	130												
7	6	23	23	0.0	0	0	FiguredBass	4/4	2	1	0												1/4	6_			
7	6	23	23	0.5	0	0	Chord	4/4	2	1	1/8		1/8	1	131												
7	6	47/2	47/2	0.5	1/8	1/8	Chord	4/4	2	1	1/8		1/8	1	132												
7	6	24	24	0.0	1/4	1/4	FiguredBass	4/4	2	1	0												1/4	#3_			
7	6	24	24	0.5	1/4	1/4	Chord	4/4	2	1	1/8		1/8	1	133												
7	6	49/2	49/2	0.5	3/8	3/8	Chord	4/4	2	1	1/8		1/8	1	134												
7	6	25	25	0.0	1/2	1/2	FiguredBass	4/4	2	1	0												1/8	6			
7	6	25	25	0.5	1/2	1/2	Chord	4/4	2	1	1/8		1/8	1	135												
7	6	51/2	51/2	0.0	5/8	5/8	FiguredBass	4/4	2	1	0												1/16	#6			
7	6	51/2	51/2	0.25	5/8	5/8	Chord	4/4	2	1	1/16		1/16	1	136	ornamentShortTrill											
7	6	103/4	103/4	0.25	11/16	11/16	Chord	4/4	2	1	1/16		1/16	1	137												
7	6	26	26	0.0	3/4	3/4	FiguredBass	4/4	2	1	0												1/8	#3			
7	6	26	26	1.0	3/4	3/4	Chord	4/4	2	1	1/4		1/4	1	138												
7	6	26	26	0.5	3/4	3/4	Chord	4/4	2	2	1/8		1/8	1	139												
7	6	53/2	53/2	0.5	7/8	7/8	Chord	4/4	2	2	1/8		1/8	1	140												
8	7	27	27	1.0	0	0	Chord	4/4	1	1	1/4		1/4	1	141												
8	7	27	27	1.0	0	0	Chord	4/4	2	1	1/4		1/4	1	142												
8	7	27	27	0.5	0	0	Chord	4/4	2	2	1/8		1/8	1	143												
8	7	55/2	55/2	0.5	1/8	1/8	Chord	4/4	2	2	1/8		1/8	1	144												
9	7	28	28	0.0	0	1/4	StaffText	4/4	1	1	0						"<font size=""12""/><font face=""SnellRoundhand BoldScript""/>Reprise"										
9	7	113/4	113/4	0.25	1/16	5/16	Chord	4/4	1	1	1/16		1/16	1	145												
9	7	57/2	57/2	0.25	1/8	3/8	Chord	4/4	1	1	1/16		1/16	1	146												
9	7	115/4	115/4	0.25	3/16	7/16	Chord	4/4	1	1	1/16		1/16	1	147												
9	7	29	29	0.5	1/4	1/2	Chord	4/4	1	1	1/8		1/8	1	148	ornamentShortTrill											
9	7	59/2	59/2	0.5	3/8	5/8	Chord	4/4	1	1	1/8		1/8	1	149												
9	7	30	30	0.0	1/2	3/4	Chord	4/4	1	1	0	appoggiatura	1/8	1	150												
9	7	30	30	0.75	1/2	3/4	Chord	4/4	1	1	3/16		1/8	3/2	151	ornamentMordent											
9	7	123/4	123/4	0.25	11/16	15/16	Chord	4/4	1	1	1/16		1/16	1	152												
9	7	113/4	113/4	0.25	1/16	5/16	Chord	4/4	2	1	1/16		1/16	1	153												
9	7	57/2	57/2	0.0	1/8	3/8	FiguredBass	4/4	2	1	0												1/8	6			
9	7	57/2	57/2	0.5	1/8	3/8	Chord	4/4	2	1	1/8		1/8	1	154												
9	7	29	29	0.0	1/4	1/2	FiguredBass	4/4	2	1	0												1/8	5/			
9	7	29	29	0.5	1/4	1/2	Chord	4/4	2	1	1/8		1/8	1	155												
9	7	59/2	59/2	0.0	3/8	5/8	FiguredBass	4/4	2	1	0												1/8	3			
9	7	59/2	59/2	0.5	3/8	5/8	Chord	4/4	2	1	1/8		1/8	1	156												
9	7	30	30	0.0	1/2	3/4	FiguredBass	4/4	2	1	0												1/8	2			
9	7	30	30	0.5	1/2	3/4	Chord	4/4	2	1	1/8		1/8	1	157												
9	7	61/2	61/2	0.0	5/8	7/8	FiguredBass	4/4	2	1	0												1/8	5/			
9	7	61/2	61/2	0.5	5/8	7/8	Chord	4/4	2	1	1/8		1/8	1	158												
10	8	31	31	0.5	0	0	Chord	4/4	1	1	1/8		1/8	1	159	ornamentShortTrill											
10	8	63/2	63/2	0.0	1/8	1/8	Chord	4/4	1	1	0	appoggiatura	1/8	1	160												
10	8	63/2	63/2	0.5	1/8	1/8	Chord	4/4	1	1	1/8		1/8	1	161												
10	8	129/4	129/4	0.25	5/16	5/16	Chord	4/4	1	1	1/16		1/16	1	162												
10	8	65/2	65/2	0.25	3/8	3/8	Chord	4/4	1	1	1/16		1/16	1	163												
10	8	131/4	131/4	0.25	7/16	7/16	Chord	4/4	1	1	1/16		1/16	1	164												
10	8	33	33	0.75	1/2	1/2	Chord	4/4	1	1	3/16		1/8	3/2	165	ornamentShortTrill											
10	8	135/4	135/4	0.25	11/16	11/16	Chord	4/4	1	1	1/16		1/16	1	166												
10	8	34	34	0.75	3/4	3/4	Chord	4/4	1	1	3/16		1/8	3/2	167	ornamentShortTrill											
10	8	139/4	139/4	0.25	15/16	15/16	Chord	4/4	1	1	1/16		1/16	1	168												
10	8	31	31	0.5	0	0	Chord	4/4	2	1	1/8		1/8	1	169												
10	8	63/2	63/2	0.25	1/8	1/8	Chord	4/4	2	1	1/16		1/16	1	170												
10	8	127/4	127/4	0.25	3/16	3/16	Chord	4/4	2	1	1/16		1/16	1	171												
10	8	32	32	0.5	1/4	1/4	Chord	4/4	2	1	1/8		1/8	1	172												
10	8	65/2	65/2	0.5	3/8	3/8	Chord	4/4	2	1	1/8		1/8	1	173												
10	8	33	33	0.0	1/2	1/2	FiguredBass	4/4	2	1	0												1/4	7_			
10	8	33	33	0.5	1/2	1/2	Chord	4/4	2	1	1/8		1/8	1	174												
10	8	67/2	67/2	0.5	5/8	5/8	Chord	4/4	2	1	1/8		1/8	1	175												
10	8	34	34	0.0	3/4	3/4	FiguredBass	4/4	2	1	0												1/8	6	4+	3	
10	8	34	34	0.5	3/4	3/4	Chord	4/4	2	1	1/8		1/8	1	176												
10	8	69/2	69/2	0.0	7/8	7/8	FiguredBass	4/4	2	1	0												1/8	6	5		
10	8	69/2	69/2	0.5	7/8	7/8	Chord	4/4	2	1	1/8		1/8	1	177												
11	8	35	35	0.5	0	0	Chord	4/4	1	1	1/8		1/8	1	178	ornamentShortTrill											
11	8	71/2	71/2	0.5	1/8	1/8	Chord	4/4	1	1	1/8		1/8	1	179												
11	8	36	36	1.0	1/4	1/4	Chord	4/4	1	1	1/4		1/4	1	180	ornamentMordent											
11	8	37	37	0.5	1/2	1/2	Chord	4/4	1	1	1/8		1/8	1	181												
11	8	75/2	75/2	0.25	5/8	5/8	Chord	4/4	1	1	1/16		1/16	1	182	ornamentShortTrill											
11	8	151/4	151/4	0.25	11/16	11/16	Chord	4/4	1	1	1/16		1/16	1	183												
11	8	38	38	1.0	3/4	3/4	Chord	4/4	1	1	1/4		1/4	1	184												
11	8	73/2	73/2	0.5	3/8	3/8	Chord	4/4	1	2	1/8		1/8	1	185												
11	8	37	37	0.5	1/2	1/2	Chord	4/4	1	2	1/8		1/8	1	186												
11	8	77/2	77/2	0.5	7/8	7/8	Chord	4/4	1	2	1/8		1/8	1	187												
11	8	35	35	0.0	0	0	FiguredBass	4/4	2	1	0												1/4	#3_			
11	8	35	35	1.0	0	0	Chord	4/4	2	1	1/4		1/4	1	188												
11	8	73/2	73/2	0.0	3/8	3/8	FiguredBass	4/4	2	1	0												1/8	6	#3		
11	8	73/2	73/2	0.5	3/8	3/8	Chord	4/4	2	1	1/8		1/8	1	189												
11	8	37	37	0.0	1/2	1/2	FiguredBass	4/4	2	1	0												1/4	7			
11	8	37	37	1.0	1/2	1/2	Chord	4/4	2	1	1/4		1/4	1	190												
11	8	77/2	77/2	0.0	7/8	7/8	FiguredBass	4/4	2	1	0												1/8	5/			
11	8	77/2	77/2	0.5	7/8	7/8	Chord	4/4	2	1	1/8		1/8	1	191												
12	9	39	39	0.5	0	0	Chord	4/4	1	1	1/8		1/8	1	192												
12	9	79/2	79/2	0.25	1/8	1/8	Chord	4/4	1	1	1/16		1/16	1	193	ornamentShortTrill											
12	9	159/4	159/4	0.25	3/16	3/16	Chord	4/4	1	1	1/16		1/16	1	194												
12	9	40	40	1.0	1/4	1/4	Chord	4/4	1	1	1/4		1/4	1	195												
12	9	41	41	0.5	1/2	1/2	Chord	4/4	1	1	1/8		1/8	1	196												
12	9	83/2	83/2	0.25	5/8	5/8	Chord	4/4	1	1	1/16		1/16	1	197	ornamentShortTrill											
12	9	167/4	167/4	0.25	11/16	11/16	Chord	4/4	1	1	1/16		1/16	1	198												
12	9	42	42	0.75	3/4	3/4	Chord	4/4	1	1	3/16		1/8	3/2	199	ornamentShortTrill											
12	9	171/4	171/4	0.25	15/16	15/16	Chord	4/4	1	1	1/16		1/16	1	200												
12	9	39	39	0.5	0	0	Chord	4/4	1	2	1/8		1/8	1	201												
12	9	81/2	81/2	0.5	3/8	3/8	Chord	4/4	1	2	1/8		1/8	1	202												
12	9	41	41	0.5	1/2	1/2	Chord	4/4	1	2	1/8		1/8	1	203												
12	9	39	39	1.0	0	0	Chord	4/4	2	1	1/4		1/4	1	204												
12	9	81/2	81/2	0.0	3/8	3/8	FiguredBass	4/4	2	1	0												1/8	5/			
12	9	81/2	81/2	0.5	3/8	3/8	Chord	4/4	2	1	1/8		1/8	1	205												
12	9	41	41	0.5	1/2	1/2	Chord	4/4	2	1	1/8		1/8	1	206												
12	9	83/2	83/2	0.0	5/8	5/8	FiguredBass	4/4	2	1	0												1/8	6	5		
12	9	83/2	83/2	0.5	5/8	5/8	Chord	4/4	2	1	1/8		1/8	1	207												
12	9	42	42	0.0	3/4	3/4	FiguredBass	4/4	2	1	0												1/4	#3			
12	9	42	42	1.0	3/4	3/4	Chord	4/4	2	1	1/4		1/4	1	208												
13	10	43	43	0.25	0	0	Chord	4/4	1	1	1/16		1/16	1	209												
13	10	173/4	173/4	0.25	1/16	1/16	Chord	4/4	1	1	1/16		1/16	1	210												
13	10	87/2	87/2	0.25	1/8	1/8	Chord	4/4	1	1	1/16		1/16	1	211												
13	10	175/4	175/4	0.25	3/16	3/16	Chord	4/4	1	1	1/16		1/16	1	212												
13	10	44	44	0.75	1/4	1/4	Chord	4/4	1	1	3/16		1/8	3/2	213	ornamentShortTrill											
13	10	179/4	179/4	0.25	7/16	7/16	Chord	4/4	1	1	1/16		1/16	1	214												
13	10	45	45	0.5	1/2	1/2	Chord	4/4	1	1	1/8		1/8	1	215	ornamentMordent											
13	10	91/2	91/2	0.0	5/8	5/8	Chord	4/4	1	1	0	appoggiatura	1/8	1	216												
13	10	91/2	91/2	0.5	5/8	5/8	Chord	4/4	1	1	1/8		1/8	1	217												
13	10	46	46	0.75	3/4	3/4	Chord	4/4	1	1	3/16		1/8	3/2	218	ornamentMordent											
13	10	187/4	187/4	0.25	15/16	15/16	Chord	4/4	1	1	1/16		1/16	1	219												
13	10	43	43	0.5	0	0	Chord	4/4	2	1	1/8		1/8	1	220												
13	10	87/2	87/2	0.5	1/8	1/8	Chord	4/4	2	1	1/8		1/8	1	221												
13	10	44	44	0.0	1/4	1/4	FiguredBass	4/4	2	1	0												1/8	6			
13	10	44	44	0.5	1/4	1/4	Chord	4/4	2	1	1/8		1/8	1	222												
13	10	89/2	89/2	0.5	3/8	3/8	Chord	4/4	2	1	1/8		1/8	1	223												
13	10	45	45	0.0	1/2	1/2	FiguredBass	4/4	2	1	0												1/8	5/			
13	10	45	45	0.5	1/2	1/2	Chord	4/4	2	1	1/8		1/8	1	224												
13	10	91/2	91/2	0.5	5/8	5/8	Chord	4/4	2	1	1/8		1/8	1	225												
13	10	46	46	1.0	3/4	3/4	Chord	4/4	2	1	1/4		1/4	1	226												
13	10	93/2	93/2	0.0	7/8	7/8	FiguredBass	4/4	2	1	0												1/8	#3			
13	10	43	43	1.0	0	0	Chord	4/4	2	2	1/4		1/4	1	227												
13	10	44	44	1.0	1/4	1/4	Chord	4/4	2	2	1/4		1/4	1	228												
13	10	45	45	1.5	1/2	1/2	Chord	4/4	2	2	3/8		1/4	3/2	229												
13	10	93/2	93/2	0.5	7/8	7/8	Chord	4/4	2	2	1/8		1/8	1	230												
14	11	47	47	0.25	0	0	Chord	4/4	1	1	1/16		1/16	1	231												0
14	11	189/4	189/4	0.25	1/16	1/16	Chord	4/4	1	1	1/16		1/16	1	232												0
14	11	95/2	95/2	0.25	1/8	1/8	Chord	4/4	1	1	1/16		1/16	1	233												0
14	11	191/4	191/4	0.25	3/16	3/16	Chord	4/4	1	1	1/16		1/16	1	234												
14	11	48	48	0.75	1/4	1/4	Chord	4/4	1	1	3/16		1/8	3/2	235	ornamentShortTrill											
14	11	195/4	195/4	0.25	7/16	7/16	Chord	4/4	1	1	1/16		1/16	1	236												
14	11	49	49	0.5	1/2	1/2	Chord	4/4	1	1	1/8		1/8	1	237	ornamentShortTrill											
14	11	99/2	99/2	0.5	5/8	5/8	Chord	4/4	1	1	1/8		1/8	1	238												
14	11	50	50	0.0	3/4	3/4	Chord	4/4	1	1	0	appoggiatura	1/8	1	239												
14	11	50	50	0.75	3/4	3/4	Chord	4/4	1	1	3/16		1/8	3/2	240	ornamentMordent											
14	11	203/4	203/4	0.25	15/16	15/16	Chord	4/4	1	1	1/16		1/16	1	241												
14	11	47	47	0.5	0	0	Chord	4/4	2	1	1/8		1/8	1	242												
14	11	95/2	95/2	0.5	1/8	1/8	Chord	4/4	2	1	1/8		1/8	1	243												
14	11	48	48	0.0	1/4	1/4	FiguredBass	4/4	2	1	0												1/4	6	4+	3_	
14	11	48	48	0.5	1/4	1/4	Chord	4/4	2	1	1/8		1/8	1	244												
14	11	97/2	97/2	0.5	3/8	3/8	Chord	4/4	2	1	1/8		1/8	1	245												
14	11	49	49	0.0	1/2	1/2	FiguredBass	4/4	2	1	0												1/4	#3_			
14	11	49	49	0.5	1/2	1/2	Chord	4/4	2	1	1/8		1/8	1	246												
14	11	99/2	99/2	0.5	5/8	5/8	Chord	4/4	2	1	1/8		1/8	1	247												
14	11	50	50	0.5	3/4	3/4	Chord	4/4	2	1	1/8		1/8	1	248												
14	11	101/2	101/2	0.5	7/8	7/8	Chord	4/4	2	1	1/8		1/8	1	249												
15	12	51	51	0.5	0	0	Chord	4/4	1	1	1/8		1/8	1	250	ornamentShortTrill											
15	12	103/2	103/2	0.0	1/8	1/8	Chord	4/4	1	1	0	appoggiatura	1/8	1	251												
15	12	103/2	103/2	0.5	1/8	1/8	Chord	4/4	1	1	1/8		1/8	1	252												
15	12	52	52	0.0	1/4	1/4	StaffText	4/4	1	1	0																
15	12	52	52	0.75	1/4	1/4	Chord	4/4	1	1	3/16		1/8	3/2	253	ornamentMordent											
15	12	211/4	211/4	0.25	7/16	7/16	Chord	4/4	1	1	1/16		1/16	1	254												
15	12	53	53	0.0	1/2	1/2	StaffText	4/4	1	1	0																
15	12	53	53	0.75	1/2	1/2	Chord	4/4	1	1	3/16		1/8	3/2	255	ornamentMordent											
15	12	215/4	215/4	0.25	11/16	11/16	Chord	4/4	1	1	1/16		1/16	1	256												
15	12	54	54	0.75	3/4	3/4	Chord	4/4	1	1	3/16		1/8	3/2	257	ornamentShortTrill											
15	12	219/4	219/4	0.25	15/16	15/16	Chord	4/4	1	1	1/16		1/16	1	258												
15	12	51	51	0.0	0	0	FiguredBass	4/4	2	1	0												1/4	4+_			
15	12	51	51	0.5	0	0	Chord	4/4	2	1	1/8		1/8	1	259												
15	12	103/2	103/2	0.5	1/8	1/8	Chord	4/4	2	1	1/8		1/8	1	260												
15	12	52	52	0.0	1/4	1/4	FiguredBass	4/4	2	1	0												1/4	6_			
15	12	52	52	0.5	1/4	1/4	Chord	4/4	2	1	1/8		1/8	1	261												
15	12	105/2	105/2	0.5	3/8	3/8	Chord	4/4	2	1	1/8		1/8	1	262												
15	12	53	53	0.0	1/2	1/2	FiguredBass	4/4	2	1	0												1/4	6	5_		
15	12	53	53	0.5	1/2	1/2	Chord	4/4	2	1	1/8		1/8	1	263												
15	12	107/2	107/2	0.5	5/8	5/8	Chord	4/4	2	1	1/8		1/8	1	264												
15	12	54	54	0.0	3/4	3/4	FiguredBass	4/4	2	1	0												1/4	#3_			
15	12	54	54	0.5	3/4	3/4	Chord	4/4	2	1	1/8		1/8	1	265												
15	12	109/2	109/2	0.5	7/8	7/8	Chord	4/4	2	1	1/8		1/8	1	266												
16	13	55	55	1.0	0	0	Chord	4/4	1	1	1/4		1/4	1	267												
16	13	225/4	225/4	0.25	5/16	5/16	Chord	4/4	1	1	1/16		1/16	1	268												
16	13	113/2	113/2	0.25	3/8	3/8	Chord	4/4	1	1	1/16		1/16	1	269	ornamentMordent											
16	13	227/4	227/4	0.25	7/16	7/16	Chord	4/4	1	1	1/16		1/16	1	270												
16	13	57	57	0.75	1/2	1/2	Chord	4/4	1	1	3/16		1/8	3/2	271												1
16	13	231/4	231/4	0.08333333333333333	11/16	11/16	Chord	4/4	1	1	1/48		1/32	2/3	272												1
16	13	347/6	347/6	0.08333333333333333	17/24	17/24	Chord	4/4	1	1	1/48		1/32	2/3	273												1
16	13	695/12	695/12	0.08333333333333333	35/48	35/48	Chord	4/4	1	1	1/48		1/32	2/3	274												
16	13	58	58	0.75	3/4	3/4	Chord	4/4	1	1	3/16		1/8	3/2	275	ornamentShortTrill											2
16	13	235/4	235/4	0.125	15/16	15/16	Chord	4/4	1	1	1/32		1/32	1	276												2
16	13	471/8	471/8	0.125	31/32	31/32	Chord	4/4	1	1	1/32		1/32	1	277												
16	13	55	55	0.5	0	0	Chord	4/4	2	1	1/8		1/8	1	278												
16	13	111/2	111/2	0.5	1/8	1/8	Chord	4/4	2	1	1/8		1/8	1	279												
16	13	56	56	0.0	1/4	1/4	FiguredBass	4/4	2	1	0												1/8	6			
16	13	56	56	0.5	1/4	1/4	Chord	4/4	2	1	1/8		1/8	1	280	ornamentShortTrill											
16	13	113/2	113/2	0.0	3/8	3/8	FiguredBass	4/4	2	1	0												1/8	b7			
16	13	113/2	113/2	0.5	3/8	3/8	Chord	4/4	2	1	1/8		1/8	1	281												
16	13	57	57	0.5	1/2	1/2	Chord	4/4	2	1	1/8		1/8	1	282												
16	13	115/2	115/2	0.0	5/8	5/8	FiguredBass	4/4	2	1	0												1/8	5			
16	13	115/2	115/2	0.5	5/8	5/8	Chord	4/4	2	1	1/8		1/8	1	283												
16	13	58	58	0.0	3/4	3/4	FiguredBass	4/4	2	1	0												1/8	#3			
16	13	58	58	0.5	3/4	3/4	Chord	4/4	2	1	1/8		1/8	1	284												
16	13	117/2	117/2	0.0	7/8	7/8	FiguredBass	4/4	2	1	0												1/8	5			
16	13	117/2	117/2	0.5	7/8	7/8	Chord	4/4	2	1	1/8		1/8	1	285												
17	14	59	59	0.5	0	0	Chord	4/4	1	1	1/8		1/8	1	286												3
17	14	119/2	119/2	0.25	1/8	1/8	Chord	4/4	1	1	1/16		1/16	1	287	ornamentShortTrill											
17	14	239/4	239/4	0.25	3/16	3/16	Chord	4/4	1	1	1/16		1/16	1	288												
17	14	60	60	0.25	1/4	1/4	Chord	4/4	1	1	1/16		1/16	1	289												
17	14	241/4	241/4	0.25	5/16	5/16	Chord	4/4	1	1	1/16		1/16	1	290												
17	14	121/2	121/2	0.25	3/8	3/8	Chord	4/4	1	1	1/16		1/16	1	291												
17	14	243/4	243/4	0.25	7/16	7/16	Chord	4/4	1	1	1/16		1/16	1	292												
17	14	61	61	0.25	1/2	1/2	Chord	4/4	1	1	1/16		1/16	1	293	ornamentShortTrill											4
17	14	245/4	245/4	0.25	9/16	9/16	Chord	4/4	1	1	1/16		1/16	1	294												4
17	14	123/2	123/2	0.25	5/8	5/8	Chord	4/4	1	1	1/16		1/16	1	295												4
17	14	247/4	247/4	0.25	11/16	11/16	Chord	4/4	1	1	1/16		1/16	1	296												
17	14	62	62	0.5	3/4	3/4	Chord	4/4	1	1	1/8		1/8	1	297	ornamentShortTrill											
17	14	251/4	251/4	0.25	15/16	15/16	Chord	4/4	1	1	1/16		1/16	1	298												
17	14	59	59	0.0	0	0	FiguredBass	4/4	2	1	0												1/8	5			
17	14	59	59	0.5	0	0	Chord	4/4	2	1	1/8		1/8	1	299												
17	14	119/2	119/2	0.0	1/8	1/8	FiguredBass	4/4	2	1	0												1/8	6			
17	14	119/2	119/2	0.5	1/8	1/8	Chord	4/4	2	1	1/8		1/8	1	300												
17	14	60	60	0.0	1/4	1/4	FiguredBass	4/4	2	1	0												1/4	5/_			
17	14	60	60	0.5	1/4	1/4	Chord	4/4	2	1	1/8		1/8	1	301												
17	14	121/2	121/2	0.5	3/8	3/8	Chord	4/4	2	1	1/8		1/8	1	302												
17	14	61	61	0.5	1/2	1/2	Chord	4/4	2	1	1/8		1/8	1	303												
17	14	123/2	123/2	0.5	5/8	5/8	Chord	4/4	2	1	1/8		1/8	1	304												
17	14	62	62	0.0	3/4	3/4	FiguredBass	4/4	2	1	0												1/8	6			
17	14	62	62	0.5	3/4	3/4	Chord	4/4	2	1	1/8		1/8	1	305												
17	14	125/2	125/2	0.5	7/8	7/8	Chord	4/4	2	1	1/8		1/8	1	306												
18	15	63	63	0.5	0	0	Chord	4/4	1	1	1/8		1/8	1	307	ornamentShortTrill											
18	15	127/2	127/2	0.0	1/8	1/8	StaffText	4/4	1	1	0						"<font size=""12""/><font face=""SnellRoundhand BoldScript""/>Petite reprise"										
18	15	127/2	127/2	0.25	1/8	1/8	Chord	4/4	1	1	1/16		1/16	1	308												5
18	15	255/4	255/4	0.25	3/16	3/16	Chord	4/4	1	1	1/16		1/16	1	309												5
18	15	64	64	0.25	1/4	1/4	Chord	4/4	1	1	1/16		1/16	1	310												5
18	15	257/4	257/4	0.25	5/16	5/16	Chord	4/4	1	1	1/16		1/16	1	311												5
18	15	129/2	129/2	0.25	3/8	3/8	Chord	4/4	1	1	1/16		1/16	1	312												5
18	15	259/4	259/4	0.25	7/16	7/16	Chord	4/4	1	1	1/16		1/16	1	313												
18	15	65	65	0.0	1/2	1/2	Chord	4/4	1	1	0	appoggiatura	1/8	1	314												
18	15	65	65	0.5	1/2	1/2	Chord	4/4	1	1	1/8		1/8	1	315	ornamentMordent											
18	15	131/2	131/2	0.25	5/8	5/8	Chord	4/4	1	1	1/16		1/16	1	316												6
18	15	263/4	263/4	0.25	11/16	11/16	Chord	4/4	1	1	1/16		1/16	1	317												6
18	15	66	66	0.25	3/4	3/4	Chord	4/4	1	1	1/16		1/16	1	318												6
18	15	265/4	265/4	0.25	13/16	13/16	Chord	4/4	1	1	1/16		1/16	1	319												6
18	15	133/2	133/2	0.25	7/8	7/8	Chord	4/4	1	1	1/16		1/16	1	320												6
18	15	267/4	267/4	0.25	15/16	15/16	Chord	4/4	1	1	1/16		1/16	1	321												
18	15	63	63	1.0	0	0	Chord	4/4	2	1	1/4		1/4	1	322												
18	15	129/2	129/2	0.0	3/8	3/8	FiguredBass	4/4	2	1	0												1/8	5			
18	15	129/2	129/2	0.5	3/8	3/8	Chord	4/4	2	1	1/8		1/8	1	323												
18	15	65	65	0.0	1/2	1/2	FiguredBass	4/4	2	1	0												1/4	7			
18	15	65	65	1.0	1/2	1/2	Chord	4/4	2	1	1/4		1/4	1	324												
18	15	133/2	133/2	0.0	7/8	7/8	FiguredBass	4/4	2	1	0												1/8	7			
18	15	133/2	133/2	0.5	7/8	7/8	Chord	4/4	2	1	1/8		1/8	1	325												
19	16	67	67	0.25	0	0	Chord	4/4	1	1	1/16		1/16	1	326	ornamentShortTrill											
19	16	269/4	269/4	0.25	1/16	1/16	Chord	4/4	1	1	1/16		1/16	1	327												
19	16	135/2	135/2	0.25	1/8	1/8	Chord	4/4	1	1	1/16		1/16	1	328												
19	16	271/4	271/4	0.25	3/16	3/16	Chord	4/4	1	1	1/16		1/16	1	329												
19	16	68	68	0.25	1/4	1/4	Chord	4/4	1	1	1/16		1/16	1	330												
19	16	273/4	273/4	0.25	5/16	5/16	Chord	4/4	1	1	1/16		1/16	1	331												
19	16	137/2	137/2	0.25	3/8	3/8	Chord	4/4	1	1	1/16		1/16	1	332												
19	16	275/4	275/4	0.25	7/16	7/16	Chord	4/4	1	1	1/16		1/16	1	333												
19	16	69	69	0.25	1/2	1/2	Chord	4/4	1	1	1/16		1/16	1	334												
19	16	277/4	277/4	0.25	9/16	9/16	Chord	4/4	1	1	1/16		1/16	1	335												
19	16	139/2	139/2	0.25	5/8	5/8	Chord	4/4	1	1	1/16		1/16	1	336	ornamentMordent											
19	16	279/4	279/4	0.25	11/16	11/16	Chord	4/4	1	1	1/16		1/16	1	337												
19	16	70	70	0.75	3/4	3/4	Chord	4/4	1	1	3/16		1/8	3/2	338	ornamentShortTrill											
19	16	283/4	283/4	0.25	15/16	15/16	Chord	4/4	1	1	1/16		1/16	1	339												
19	16	70	70	1.0	3/4	3/4	Chord	4/4	1	2	1/4		1/4	1	340												
19	16	67	67	0.5	0	0	Chord	4/4	2	1	1/8		1/8	1	341												
19	16	135/2	135/2	0.5	1/8	1/8	Chord	4/4	2	1	1/8		1/8	1	342												
19	16	68	68	0.0	1/4	1/4	FiguredBass	4/4	2	1	0												1/8	6			
19	16	68	68	0.5	1/4	1/4	Chord	4/4	2	1	1/8		1/8	1	343												
19	16	137/2	137/2	0.0	3/8	3/8	FiguredBass	4/4	2	1	0												1/8	6			
19	16	137/2	137/2	0.5	3/8	3/8	Chord	4/4	2	1	1/8		1/8	1	344												
19	16	69	69	0.0	1/2	1/2	FiguredBass	4/4	2	1	0												1/4	_			
19	16	69	69	0.5	1/2	1/2	Chord	4/4	2	1	1/8		1/8	1	345												
19	16	139/2	139/2	0.5	5/8	5/8	Chord	4/4	2	1	1/8		1/8	1	346												
19	16	70	70	1.0	3/4	3/4	Chord	4/4	2	1	1/4		1/4	1	347												
20	17	71	71	1.0	0	0	Chord	4/4	1	1	1/4		1/4	1	348												
20	17	71	71	1.0	0	0	Chord	4/4	2	1	1/4		1/4	1	349												
20	17	71	71	0.5	0	0	Chord	4/4	2	2	1/8		1/8	1	350												
20	17	143/2	143/2	0.5	1/8	1/8	Chord	4/4	2	2	1/8		1/8	1	351												
