mc	mn	quarterbeats	duration_qb	mc_onset	mn_onset	event	timesig	staff	voice	duration	gracenote	tremolo	nominal_duration	scalar	chord_id	articulation	staff_text	tempo	qpm	thoroughbass_duration	thoroughbass_level_1	thoroughbass_level_2	slur
1	0	0	0.0	0	1/4	Tempo	6/8	1	1	0								Gayement	120				
1	0	0	0.0	0	1/4	StaffText	6/8	1	1	0							"<font size=""12""/><font face=""SnellRoundhand BoldScript""/>Rondeau"						
1	0	0	0.0	0	1/4	Tempo	6/8	1	1	0								ùÖü. = 80	120				
1	0	0	0.5	0	1/4	Chord	6/8	1	1	1/8			1/8	1	0	articStaccatissimoBelow							
1	0	1/2	1.0	1/8	3/8	Chord	6/8	1	1	1/4			1/4	1	1	ornamentShortTrill							
1	0	3/2	0.5	3/8	5/8	Chord	6/8	1	1	1/8			1/8	1	2	articStaccatissimoBelow							
1	0	0	0.5	0	1/4	Chord	6/8	2	1	1/8			1/8	1	3								
1	0	1/2	1.0	1/8	3/8	Chord	6/8	2	1	1/4			1/4	1	4								
1	0	3/2	0.5	3/8	5/8	Chord	6/8	2	1	1/8			1/8	1	5								
2	1	2	1.0	0	0	Chord	6/8	1	1	1/4			1/4	1	6								
2	1	3	0.5	1/4	1/4	Chord	6/8	1	1	1/8			1/8	1	7	articStaccatissimoBelow							
2	1	7/2	0.75	3/8	3/8	Chord	6/8	1	1	3/16			1/8	3/2	8	ornamentMordent							
2	1	17/4	0.25	9/16	9/16	Chord	6/8	1	1	1/16			1/16	1	9								
2	1	9/2	0.5	5/8	5/8	Chord	6/8	1	1	1/8			1/8	1	10	articStaccatissimoBelow							
2	1	2	1.0	0	0	Chord	6/8	2	1	1/4			1/4	1	11								
2	1	3	0.5	1/4	1/4	Chord	6/8	2	1	1/8			1/8	1	12								
2	1	7/2	1.0	3/8	3/8	Chord	6/8	2	1	1/4			1/4	1	13								
2	1	9/2	0.5	5/8	5/8	Chord	6/8	2	1	1/8			1/8	1	14								
3	2	5	1.0	0	0	Chord	6/8	1	1	1/4			1/4	1	15								
3	2	6	0.5	1/4	1/4	Chord	6/8	1	1	1/8			1/8	1	16	articStaccatissimoAbove							
3	2	13/2	1.0	3/8	3/8	Chord	6/8	1	1	1/4			1/4	1	17								0
3	2	15/2	0.5	5/8	5/8	Chord	6/8	1	1	1/8			1/8	1	18	ornamentMordent							
3	2	5	1.0	0	0	Chord	6/8	2	1	1/4			1/4	1	19								
3	2	6	0.0	1/4	1/4	FiguredBass	6/8	2	1	0										3/8	6_		
3	2	6	0.5	1/4	1/4	Chord	6/8	2	1	1/8			1/8	1	20								
3	2	13/2	1.0	3/8	3/8	Chord	6/8	2	1	1/4			1/4	1	21								
3	2	15/2	0.5	5/8	5/8	Chord	6/8	2	1	1/8			1/8	1	22								
4	3	8	0.75	0	0	Chord	6/8	1	1	3/16			1/8	3/2	23								
4	3	35/4	0.25	3/16	3/16	Chord	6/8	1	1	1/16			1/16	1	24								
4	3	9	0.5	1/4	1/4	Chord	6/8	1	1	1/8			1/8	1	25								
4	3	19/2	0.75	3/8	3/8	Chord	6/8	1	1	3/16			1/8	3/2	26	ornamentMordent							
4	3	41/4	0.25	9/16	9/16	Chord	6/8	1	1	1/16			1/16	1	27								
4	3	21/2	0.5	5/8	5/8	Chord	6/8	1	1	1/8			1/8	1	28								
4	3	8	0.0	0	0	FiguredBass	6/8	2	1	0										3/16	6		
4	3	8	0.75	0	0	Chord	6/8	2	1	3/16			1/8	3/2	29	ornamentShortTrill							
4	3	35/4	0.25	3/16	3/16	Chord	6/8	2	1	1/16			1/16	1	30								
4	3	9	0.5	1/4	1/4	Chord	6/8	2	1	1/8			1/8	1	31								
4	3	19/2	0.0	3/8	3/8	FiguredBass	6/8	2	1	0										1/4	5	4_	
4	3	19/2	0.75	3/8	3/8	Chord	6/8	2	1	3/16			1/8	3/2	32								
4	3	41/4	0.25	9/16	9/16	Chord	6/8	2	1	1/16			1/16	1	33								
4	3	21/2	0.0	5/8	5/8	FiguredBass	6/8	2	1	0										1/8	3		
4	3	21/2	0.5	5/8	5/8	Chord	6/8	2	1	1/8			1/8	1	34								
5	4	11	0.5	0	0	Chord	6/8	1	1	1/8			1/8	1	35	ornamentShortTrill							
5	4	23/2	0.5	1/8	1/8	Chord	6/8	1	1	1/8			1/8	1	36								
5	4	12	0.5	1/4	1/4	Chord	6/8	1	1	1/8			1/8	1	37	articStaccatissimoBelow							
5	4	25/2	1.0	3/8	3/8	Chord	6/8	1	1	1/4			1/4	1	38	ornamentShortTrill							
5	4	27/2	0.5	5/8	5/8	Chord	6/8	1	1	1/8			1/8	1	39	articStaccatissimoBelow							
5	4	11	1.0	0	0	Chord	6/8	2	1	1/4			1/4	1	40								
5	4	12	0.5	1/4	1/4	Chord	6/8	2	1	1/8			1/8	1	41								
5	4	25/2	1.0	3/8	3/8	Chord	6/8	2	1	1/4			1/4	1	42								
5	4	27/2	0.5	5/8	5/8	Chord	6/8	2	1	1/8			1/8	1	43								
6	5	14	1.0	0	0	Chord	6/8	1	1	1/4			1/4	1	44								
6	5	15	0.5	1/4	1/4	Chord	6/8	1	1	1/8			1/8	1	45	articStaccatissimoBelow							
6	5	31/2	0.75	3/8	3/8	Chord	6/8	1	1	3/16			1/8	3/2	46	ornamentMordent							
6	5	65/4	0.25	9/16	9/16	Chord	6/8	1	1	1/16			1/16	1	47								
6	5	33/2	0.5	5/8	5/8	Chord	6/8	1	1	1/8			1/8	1	48	articStaccatissimoBelow							
6	5	14	1.0	0	0	Chord	6/8	2	1	1/4			1/4	1	49								
6	5	15	0.5	1/4	1/4	Chord	6/8	2	1	1/8			1/8	1	50								
6	5	31/2	1.0	3/8	3/8	Chord	6/8	2	1	1/4			1/4	1	51								
6	5	33/2	0.5	5/8	5/8	Chord	6/8	2	1	1/8			1/8	1	52								
7	6	17	1.0	0	0	Chord	6/8	1	1	1/4			1/4	1	53								
7	6	18	0.5	1/4	1/4	Chord	6/8	1	1	1/8			1/8	1	54	articStaccatissimoAbove							
7	6	37/2	1.0	3/8	3/8	Chord	6/8	1	1	1/4			1/4	1	55								1
7	6	39/2	0.5	5/8	5/8	Chord	6/8	1	1	1/8			1/8	1	56	ornamentMordent							
7	6	17	1.0	0	0	Chord	6/8	2	1	1/4			1/4	1	57								
7	6	18	0.0	1/4	1/4	FiguredBass	6/8	2	1	0										3/8	6_		
7	6	18	0.5	1/4	1/4	Chord	6/8	2	1	1/8			1/8	1	58								
7	6	37/2	1.0	3/8	3/8	Chord	6/8	2	1	1/4			1/4	1	59								
7	6	39/2	0.5	5/8	5/8	Chord	6/8	2	1	1/8			1/8	1	60								
8	7	20	0.75	0	0	Chord	6/8	1	1	3/16			1/8	3/2	61								
8	7	83/4	0.25	3/16	3/16	Chord	6/8	1	1	1/16			1/16	1	62								
8	7	21	0.5	1/4	1/4	Chord	6/8	1	1	1/8			1/8	1	63								
8	7	43/2	0.75	3/8	3/8	Chord	6/8	1	1	3/16			1/8	3/2	64	ornamentShortTrill							
8	7	89/4	0.25	9/16	9/16	Chord	6/8	1	1	1/16			1/16	1	65								
8	7	45/2	0.5	5/8	5/8	Chord	6/8	1	1	1/8			1/8	1	66	articStaccatissimoBelow							
8	7	20	0.75	0	0	Chord	6/8	2	1	3/16			1/8	3/2	67	ornamentShortTrill							
8	7	83/4	0.25	3/16	3/16	Chord	6/8	2	1	1/16			1/16	1	68								
8	7	21	0.5	1/4	1/4	Chord	6/8	2	1	1/8			1/8	1	69								
8	7	43/2	0.0	3/8	3/8	FiguredBass	6/8	2	1	0										3/8	6	4_	
8	7	43/2	0.75	3/8	3/8	Chord	6/8	2	1	3/16			1/8	3/2	70								
8	7	89/4	0.25	9/16	9/16	Chord	6/8	2	1	1/16			1/16	1	71								
8	7	45/2	0.5	5/8	5/8	Chord	6/8	2	1	1/8			1/8	1	72								
9	8	23	1.0	0	0	Chord	6/8	1	1	1/4			1/4	1	73								
9	8	23	1.0	0	0	Chord	6/8	2	1	1/4			1/4	1	74								
10	8	24	0.5	0	1/4	Chord	6/8	1	1	1/8			1/8	1	75	articStaccatissimoAbove							
10	8	49/2	1.0	1/8	3/8	Chord	6/8	1	1	1/4			1/4	1	76								
10	8	51/2	0.5	3/8	5/8	Chord	6/8	1	1	1/8			1/8	1	77	articStaccatissimoAbove							
10	8	24	0.5	0	1/4	Chord	6/8	2	1	1/8			1/8	1	78								
10	8	49/2	1.0	1/8	3/8	Chord	6/8	2	1	1/4			1/4	1	79								
10	8	51/2	0.0	3/8	5/8	FiguredBass	6/8	2	1	0										1/8	7		
10	8	51/2	0.5	3/8	5/8	Chord	6/8	2	1	1/8			1/8	1	80								
11	8	26	1.0	0	0	Chord	6/8	1	1	1/4			1/4	1	81								
11	8	27	0.5	1/4	1/4	Chord	6/8	1	1	1/8			1/8	1	82	articStaccatissimoAbove							
11	8	55/2	0.75	3/8	3/8	Chord	6/8	1	1	3/16			1/8	3/2	83								
11	8	113/4	0.25	9/16	9/16	Chord	6/8	1	1	1/16			1/16	1	84								
11	8	57/2	0.5	5/8	5/8	Chord	6/8	1	1	1/8			1/8	1	85								
11	8	26	0.0	0	0	FiguredBass	6/8	2	1	0										1/4	7		
11	8	26	1.0	0	0	Chord	6/8	2	1	1/4			1/4	1	86								
11	8	27	0.0	1/4	1/4	FiguredBass	6/8	2	1	0										1/8	6		
11	8	27	0.5	1/4	1/4	Chord	6/8	2	1	1/8			1/8	1	87								
11	8	55/2	0.0	3/8	3/8	FiguredBass	6/8	2	1	0										3/8	6_		
11	8	55/2	0.75	3/8	3/8	Chord	6/8	2	1	3/16			1/8	3/2	88								
11	8	113/4	0.25	9/16	9/16	Chord	6/8	2	1	1/16			1/16	1	89								
11	8	57/2	0.5	5/8	5/8	Chord	6/8	2	1	1/8			1/8	1	90								
12	9	29	1.0	0	0	Chord	6/8	1	1	1/4			1/4	1	91								
12	9	30	0.5	1/4	1/4	Chord	6/8	1	1	1/8			1/8	1	92	articStaccatissimoAbove							
12	9	61/2	1.5	3/8	3/8	Chord	6/8	1	1	3/8			1/4	3/2	93	ornamentMordent							
12	9	29	0.0	0	0	FiguredBass	6/8	2	1	0										1/4	7		
12	9	29	1.0	0	0	Chord	6/8	2	1	1/4			1/4	1	94								
12	9	30	0.0	1/4	1/4	FiguredBass	6/8	2	1	0										1/8	6		
12	9	30	0.5	1/4	1/4	Chord	6/8	2	1	1/8			1/8	1	95								
12	9	61/2	0.0	3/8	3/8	FiguredBass	6/8	2	1	0										3/8	6_		
12	9	61/2	0.75	3/8	3/8	Chord	6/8	2	1	3/16			1/8	3/2	96								
12	9	125/4	0.25	9/16	9/16	Chord	6/8	2	1	1/16			1/16	1	97								
12	9	63/2	0.5	5/8	5/8	Chord	6/8	2	1	1/8			1/8	1	98								
13	10	32	0.75	0	0	Chord	6/8	1	1	3/16			1/8	3/2	99								
13	10	131/4	0.25	3/16	3/16	Chord	6/8	1	1	1/16			1/16	1	100								
13	10	33	0.5	1/4	1/4	Chord	6/8	1	1	1/8			1/8	1	101								
13	10	67/2	0.75	3/8	3/8	Chord	6/8	1	1	3/16			1/8	3/2	102								
13	10	137/4	0.25	9/16	9/16	Chord	6/8	1	1	1/16			1/16	1	103								
13	10	69/2	0.5	5/8	5/8	Chord	6/8	1	1	1/8			1/8	1	104								
13	10	32	0.0	0	0	FiguredBass	6/8	2	1	0										3/8	5	4_	
13	10	32	1.0	0	0	Chord	6/8	2	1	1/4			1/4	1	105								
13	10	33	0.5	1/4	1/4	Chord	6/8	2	1	1/8			1/8	1	106								
13	10	67/2	0.0	3/8	3/8	FiguredBass	6/8	2	1	0										3/8	3_		
13	10	67/2	0.75	3/8	3/8	Chord	6/8	2	1	3/16			1/8	3/2	107								
13	10	137/4	0.25	9/16	9/16	Chord	6/8	2	1	1/16			1/16	1	108								
13	10	69/2	0.5	5/8	5/8	Chord	6/8	2	1	1/8			1/8	1	109								
14	11	35	0.5	0	0	Chord	6/8	1	1	1/8			1/8	1	110	ornamentShortTrill							
14	11	71/2	0.5	1/8	1/8	Chord	6/8	1	1	1/8			1/8	1	111								
14	11	36	0.5	1/4	1/4	Chord	6/8	1	1	1/8			1/8	1	112	articStaccatissimoBelow							
14	11	73/2	1.0	3/8	3/8	Chord	6/8	1	1	1/4			1/4	1	113								
14	11	75/2	0.5	5/8	5/8	Chord	6/8	1	1	1/8			1/8	1	114	articStaccatissimoAbove							
14	11	35	1.0	0	0	Chord	6/8	2	1	1/4			1/4	1	115								
14	11	36	0.5	1/4	1/4	Chord	6/8	2	1	1/8			1/8	1	116								
14	11	73/2	1.0	3/8	3/8	Chord	6/8	2	1	1/4			1/4	1	117								
14	11	75/2	0.0	5/8	5/8	FiguredBass	6/8	2	1	0										1/8	7		
14	11	75/2	0.5	5/8	5/8	Chord	6/8	2	1	1/8			1/8	1	118								
15	12	38	1.0	0	0	Chord	6/8	1	1	1/4			1/4	1	119								
15	12	39	0.5	1/4	1/4	Chord	6/8	1	1	1/8			1/8	1	120	articStaccatissimoAbove							
15	12	79/2	0.75	3/8	3/8	Chord	6/8	1	1	3/16			1/8	3/2	121								
15	12	161/4	0.25	9/16	9/16	Chord	6/8	1	1	1/16			1/16	1	122								
15	12	81/2	0.5	5/8	5/8	Chord	6/8	1	1	1/8			1/8	1	123								
15	12	38	0.0	0	0	FiguredBass	6/8	2	1	0										1/4	7		
15	12	38	1.0	0	0	Chord	6/8	2	1	1/4			1/4	1	124								
15	12	39	0.0	1/4	1/4	FiguredBass	6/8	2	1	0										1/8	6		
15	12	39	0.5	1/4	1/4	Chord	6/8	2	1	1/8			1/8	1	125								
15	12	79/2	0.0	3/8	3/8	FiguredBass	6/8	2	1	0										3/8	6_		
15	12	79/2	0.75	3/8	3/8	Chord	6/8	2	1	3/16			1/8	3/2	126								
15	12	161/4	0.25	9/16	9/16	Chord	6/8	2	1	1/16			1/16	1	127								
15	12	81/2	0.5	5/8	5/8	Chord	6/8	2	1	1/8			1/8	1	128								
16	13	41	1.0	0	0	Chord	6/8	1	1	1/4			1/4	1	129								
16	13	42	0.5	1/4	1/4	Chord	6/8	1	1	1/8			1/8	1	130	articStaccatissimoAbove							
16	13	85/2	1.5	3/8	3/8	Chord	6/8	1	1	3/8			1/4	3/2	131	ornamentMordent							
16	13	41	0.0	0	0	FiguredBass	6/8	2	1	0										1/4	7		
16	13	41	1.0	0	0	Chord	6/8	2	1	1/4			1/4	1	132								
16	13	42	0.0	1/4	1/4	FiguredBass	6/8	2	1	0										1/8	6		
16	13	42	0.5	1/4	1/4	Chord	6/8	2	1	1/8			1/8	1	133								
16	13	85/2	0.0	3/8	3/8	FiguredBass	6/8	2	1	0										3/8	6_		
16	13	85/2	0.75	3/8	3/8	Chord	6/8	2	1	3/16			1/8	3/2	134								
16	13	173/4	0.25	9/16	9/16	Chord	6/8	2	1	1/16			1/16	1	135								
16	13	87/2	0.5	5/8	5/8	Chord	6/8	2	1	1/8			1/8	1	136								
17	14	44	0.75	0	0	Chord	6/8	1	1	3/16			1/8	3/2	137								
17	14	179/4	0.25	3/16	3/16	Chord	6/8	1	1	1/16			1/16	1	138								
17	14	45	0.5	1/4	1/4	Chord	6/8	1	1	1/8			1/8	1	139								
17	14	91/2	0.75	3/8	3/8	Chord	6/8	1	1	3/16			1/8	3/2	140								
17	14	185/4	0.25	9/16	9/16	Chord	6/8	1	1	1/16			1/16	1	141								
17	14	93/2	0.5	5/8	5/8	Chord	6/8	1	1	1/8			1/8	1	142								
17	14	44	0.0	0	0	FiguredBass	6/8	2	1	0										3/8	54	_	
17	14	44	1.0	0	0	Chord	6/8	2	1	1/4			1/4	1	143								
17	14	45	0.5	1/4	1/4	Chord	6/8	2	1	1/8			1/8	1	144								
17	14	91/2	0.0	3/8	3/8	FiguredBass	6/8	2	1	0										3/8	3_		
17	14	91/2	0.75	3/8	3/8	Chord	6/8	2	1	3/16			1/8	3/2	145								
17	14	185/4	0.25	9/16	9/16	Chord	6/8	2	1	1/16			1/16	1	146								
17	14	93/2	0.5	5/8	5/8	Chord	6/8	2	1	1/8			1/8	1	147								
18	15	47	0.5	0	0	Chord	6/8	1	1	1/8			1/8	1	148	ornamentShortTrill							
18	15	95/2	0.5	1/8	1/8	Chord	6/8	1	1	1/8			1/8	1	149								
18	15	47	1.0	0	0	Chord	6/8	2	1	1/4			1/4	1	150								
19	15	48	0.5	0	1/4	Chord	6/8	1	1	1/8			1/8	1	151								
19	15	97/2	0.0	1/8	3/8	StaffText	6/8	1	1	0													
19	15	97/2	1.0	1/8	3/8	Chord	6/8	1	1	1/4			1/4	1	152	ornamentMordent							
19	15	99/2	0.5	3/8	5/8	Chord	6/8	1	1	1/8			1/8	1	153								
19	15	99/2	0.0	3/8	5/8	FiguredBass	6/8	2	1	0										1/8	#3		
19	15	99/2	0.5	3/8	5/8	Chord	6/8	2	1	1/8			1/8	1	154								
20	16	50	0.0	0	0	Chord	6/8	1	1	0	appoggiatura		1/8	1	155								
20	16	50	0.75	0	0	Chord	6/8	1	1	3/16			1/8	3/2	156	ornamentMordent							
20	16	203/4	0.25	3/16	3/16	Chord	6/8	1	1	1/16			1/16	1	157								
20	16	51	0.5	1/4	1/4	Chord	6/8	1	1	1/8			1/8	1	158								
20	16	103/2	0.75	3/8	3/8	Chord	6/8	1	1	3/16			1/8	3/2	159	ornamentShortTrill							
20	16	209/4	0.25	9/16	9/16	Chord	6/8	1	1	1/16			1/16	1	160								
20	16	105/2	0.5	5/8	5/8	Chord	6/8	1	1	1/8			1/8	1	161								
20	16	50	1.0	0	0	Chord	6/8	2	1	1/4			1/4	1	162								
20	16	51	0.5	1/4	1/4	Chord	6/8	2	1	1/8			1/8	1	163								
20	16	103/2	0.0	3/8	3/8	FiguredBass	6/8	2	1	0										1/4	#3		
20	16	103/2	1.0	3/8	3/8	Chord	6/8	2	1	1/4			1/4	1	164								
20	16	105/2	0.5	5/8	5/8	Chord	6/8	2	1	1/8			1/8	1	165								
21	17	53	0.75	0	0	Chord	6/8	1	1	3/16			1/8	3/2	166								
21	17	215/4	0.25	3/16	3/16	Chord	6/8	1	1	1/16			1/16	1	167								
21	17	54	0.5	1/4	1/4	Chord	6/8	1	1	1/8			1/8	1	168								
21	17	109/2	0.75	3/8	3/8	Chord	6/8	1	1	3/16			1/8	3/2	169								
21	17	221/4	0.25	9/16	9/16	Chord	6/8	1	1	1/16			1/16	1	170								
21	17	111/2	0.5	5/8	5/8	Chord	6/8	1	1	1/8			1/8	1	171								
21	17	53	1.0	0	0	Chord	6/8	2	1	1/4			1/4	1	172								
21	17	54	0.5	1/4	1/4	Chord	6/8	2	1	1/8			1/8	1	173								
21	17	109/2	0.0	3/8	3/8	FiguredBass	6/8	2	1	0										3/8	5/_		
21	17	109/2	0.75	3/8	3/8	Chord	6/8	2	1	3/16			1/8	3/2	174								
21	17	221/4	0.25	9/16	9/16	Chord	6/8	2	1	1/16			1/16	1	175								
21	17	111/2	0.5	5/8	5/8	Chord	6/8	2	1	1/8			1/8	1	176								
22	18	56	0.75	0	0	Chord	6/8	1	1	3/16			1/8	3/2	177	ornamentShortTrill							
22	18	227/4	0.25	3/16	3/16	Chord	6/8	1	1	1/16			1/16	1	178								
22	18	57	0.5	1/4	1/4	Chord	6/8	1	1	1/8			1/8	1	179								
22	18	115/2	0.0	3/8	3/8	Chord	6/8	1	1	0	grace8after		1/8	1	180								
22	18	115/2	0.0	3/8	3/8	Chord	6/8	1	1	0	grace8after		1/8	1	181								
22	18	115/2	1.5	3/8	3/8	Chord	6/8	1	1	3/8			1/4	3/2	182	ornamentShortTrill							
22	18	56	0.75	0	0	Chord	6/8	2	1	3/16			1/8	3/2	183								
22	18	227/4	0.0	3/16	3/16	FiguredBass	6/8	2	1	0										1/16	5		
22	18	227/4	0.25	3/16	3/16	Chord	6/8	2	1	1/16			1/16	1	184								
22	18	57	0.5	1/4	1/4	Chord	6/8	2	1	1/8			1/8	1	185								
22	18	115/2	0.0	3/8	3/8	FiguredBass	6/8	2	1	0										3/8	#3_		
22	18	115/2	1.0	3/8	3/8	Chord	6/8	2	1	1/4			1/4	1	186								
22	18	117/2	0.5	5/8	5/8	Chord	6/8	2	1	1/8			1/8	1	187								
23	19	59	1.0	0	0	Chord	6/8	1	1	1/4			1/4	1	188								
23	19	60	0.5	1/4	1/4	Chord	6/8	1	1	1/8			1/8	1	189								
23	19	121/2	1.0	3/8	3/8	Chord	6/8	1	1	1/4			1/4	1	190	ornamentShortTrill							
23	19	123/2	0.5	5/8	5/8	Chord	6/8	1	1	1/8			1/8	1	191								
23	19	59	0.5	0	0	Chord	6/8	2	1	1/8			1/8	1	192								
23	19	119/2	0.5	1/8	1/8	Chord	6/8	2	1	1/8			1/8	1	193								
23	19	60	0.0	1/4	1/4	FiguredBass	6/8	2	1	0										1/8	6		
23	19	60	0.5	1/4	1/4	Chord	6/8	2	1	1/8			1/8	1	194								
23	19	121/2	0.0	3/8	3/8	FiguredBass	6/8	2	1	0										3/8	5/_		
23	19	121/2	0.75	3/8	3/8	Chord	6/8	2	1	3/16			1/8	3/2	195	ornamentShortTrill							
23	19	245/4	0.25	9/16	9/16	Chord	6/8	2	1	1/16			1/16	1	196								
23	19	123/2	0.5	5/8	5/8	Chord	6/8	2	1	1/8			1/8	1	197								
24	20	62	0.75	0	0	Chord	6/8	1	1	3/16			1/8	3/2	198								
24	20	251/4	0.25	3/16	3/16	Chord	6/8	1	1	1/16			1/16	1	199								
24	20	63	0.5	1/4	1/4	Chord	6/8	1	1	1/8			1/8	1	200								
24	20	127/2	0.75	3/8	3/8	Chord	6/8	1	1	3/16			1/8	3/2	201								
24	20	257/4	0.25	9/16	9/16	Chord	6/8	1	1	1/16			1/16	1	202								
24	20	129/2	0.5	5/8	5/8	Chord	6/8	1	1	1/8			1/8	1	203								
24	20	62	0.75	0	0	Chord	6/8	2	1	3/16			1/8	3/2	204								
24	20	251/4	0.25	3/16	3/16	Chord	6/8	2	1	1/16			1/16	1	205								
24	20	63	0.5	1/4	1/4	Chord	6/8	2	1	1/8			1/8	1	206								
24	20	127/2	0.0	3/8	3/8	FiguredBass	6/8	2	1	0										3/8	6_		
24	20	127/2	0.75	3/8	3/8	Chord	6/8	2	1	3/16			1/8	3/2	207								
24	20	257/4	0.25	9/16	9/16	Chord	6/8	2	1	1/16			1/16	1	208								
24	20	129/2	0.5	5/8	5/8	Chord	6/8	2	1	1/8			1/8	1	209								
25	21	65	0.75	0	0	Chord	6/8	1	1	3/16			1/8	3/2	210								
25	21	263/4	0.25	3/16	3/16	Chord	6/8	1	1	1/16			1/16	1	211								
25	21	66	0.5	1/4	1/4	Chord	6/8	1	1	1/8			1/8	1	212								
25	21	133/2	0.75	3/8	3/8	Chord	6/8	1	1	3/16			1/8	3/2	213								
25	21	269/4	0.25	9/16	9/16	Chord	6/8	1	1	1/16			1/16	1	214								
25	21	135/2	0.5	5/8	5/8	Chord	6/8	1	1	1/8			1/8	1	215								
25	21	65	0.75	0	0	Chord	6/8	2	1	3/16			1/8	3/2	216								
25	21	263/4	0.25	3/16	3/16	Chord	6/8	2	1	1/16			1/16	1	217								
25	21	66	0.0	1/4	1/4	FiguredBass	6/8	2	1	0										1/8	5/		
25	21	66	0.5	1/4	1/4	Chord	6/8	2	1	1/8			1/8	1	218								
25	21	133/2	0.75	3/8	3/8	Chord	6/8	2	1	3/16			1/8	3/2	219								
25	21	269/4	0.0	9/16	9/16	FiguredBass	6/8	2	1	0										1/16	5/		
25	21	269/4	0.25	9/16	9/16	Chord	6/8	2	1	1/16			1/16	1	220								
25	21	135/2	0.5	5/8	5/8	Chord	6/8	2	1	1/8			1/8	1	221								
26	22	68	0.75	0	0	Chord	6/8	1	1	3/16			1/8	3/2	222								
26	22	275/4	0.25	3/16	3/16	Chord	6/8	1	1	1/16			1/16	1	223								
26	22	69	0.5	1/4	1/4	Chord	6/8	1	1	1/8			1/8	1	224								
26	22	139/2	1.0	3/8	3/8	Chord	6/8	1	1	1/4			1/4	1	225								
26	22	141/2	0.0	5/8	5/8	Chord	6/8	1	1	0	grace8after		1/8	1	226								
26	22	141/2	0.0	5/8	5/8	Chord	6/8	1	1	0	grace8after		1/8	1	227								
26	22	141/2	0.5	5/8	5/8	Chord	6/8	1	1	1/8			1/8	1	228	ornamentShortTrill							
26	22	68	0.75	0	0	Chord	6/8	2	1	3/16			1/8	3/2	229								
26	22	275/4	0.25	3/16	3/16	Chord	6/8	2	1	1/16			1/16	1	230								
26	22	69	0.0	1/4	1/4	FiguredBass	6/8	2	1	0										1/8	5/		
26	22	69	0.5	1/4	1/4	Chord	6/8	2	1	1/8			1/8	1	231								
26	22	139/2	0.0	3/8	3/8	FiguredBass	6/8	2	1	0										1/4	4		
26	22	139/2	1.5	3/8	3/8	Chord	6/8	2	1	3/8			1/4	3/2	232								
26	22	141/2	0.0	5/8	5/8	FiguredBass	6/8	2	1	0										1/8	3		
26	22	139/2	1.0	3/8	3/8	Chord	6/8	2	2	1/4			1/4	1	233								
26	22	141/2	0.5	5/8	5/8	Chord	6/8	2	2	1/8			1/8	1	234								
27	23	71	1.0	0	0	Chord	6/8	1	1	1/4			1/4	1	235								
27	23	71	1.0	0	0	Chord	6/8	2	1	1/4			1/4	1	236								
28	23	72	0.5	0	1/4	Chord	6/8	1	1	1/8			1/8	1	237								
28	23	145/2	1.5	1/8	3/8	Chord	6/8	1	1	3/8			1/4	3/2	238	ornamentMordent							
28	23	293/4	0.25	5/16	9/16	Chord	6/8	2	1	1/16			1/16	1	239								
28	23	147/2	0.5	3/8	5/8	Chord	6/8	2	1	1/8			1/8	1	240								
29	24	74	0.75	0	0	Chord	6/8	1	1	3/16			1/8	3/2	241								
29	24	299/4	0.25	3/16	3/16	Chord	6/8	1	1	1/16			1/16	1	242								
29	24	75	0.5	1/4	1/4	Chord	6/8	1	1	1/8			1/8	1	243								
29	24	151/2	0.75	3/8	3/8	Chord	6/8	1	1	3/16			1/8	3/2	244	ornamentShortTrill							
29	24	305/4	0.25	9/16	9/16	Chord	6/8	1	1	1/16			1/16	1	245								
29	24	153/2	0.5	5/8	5/8	Chord	6/8	1	1	1/8			1/8	1	246								
29	24	74	0.0	0	0	FiguredBass	6/8	2	1	0										3/16	7		
29	24	74	0.75	0	0	Chord	6/8	2	1	3/16			1/8	3/2	247								
29	24	299/4	0.25	3/16	3/16	Chord	6/8	2	1	1/16			1/16	1	248								
29	24	75	0.0	1/4	1/4	FiguredBass	6/8	2	1	0										1/8	#6		
29	24	75	0.5	1/4	1/4	Chord	6/8	2	1	1/8			1/8	1	249								
29	24	151/2	1.0	3/8	3/8	Chord	6/8	2	1	1/4			1/4	1	250								
29	24	153/2	0.5	5/8	5/8	Chord	6/8	2	1	1/8			1/8	1	251								
30	25	77	0.75	0	0	Chord	6/8	1	1	3/16			1/8	3/2	252								
30	25	311/4	0.25	3/16	3/16	Chord	6/8	1	1	1/16			1/16	1	253								
30	25	78	0.5	1/4	1/4	Chord	6/8	1	1	1/8			1/8	1	254								
30	25	157/2	1.5	3/8	3/8	Chord	6/8	1	1	3/8			1/4	3/2	255	ornamentMordent							
30	25	77	1.5	0	0	Chord	6/8	2	1	3/8			1/4	3/2	256								
30	25	157/2	0.75	3/8	3/8	Chord	6/8	2	1	3/16			1/8	3/2	257								
30	25	317/4	0.25	9/16	9/16	Chord	6/8	2	1	1/16			1/16	1	258								
30	25	159/2	0.5	5/8	5/8	Chord	6/8	2	1	1/8			1/8	1	259								
31	26	80	0.75	0	0	Chord	6/8	1	1	3/16			1/8	3/2	260								
31	26	323/4	0.25	3/16	3/16	Chord	6/8	1	1	1/16			1/16	1	261								
31	26	81	0.5	1/4	1/4	Chord	6/8	1	1	1/8			1/8	1	262								
31	26	163/2	0.75	3/8	3/8	Chord	6/8	1	1	3/16			1/8	3/2	263	ornamentShortTrill							
31	26	329/4	0.25	9/16	9/16	Chord	6/8	1	1	1/16			1/16	1	264								
31	26	165/2	0.5	5/8	5/8	Chord	6/8	1	1	1/8			1/8	1	265								
31	26	80	0.0	0	0	FiguredBass	6/8	2	1	0										1/4	5_		
31	26	80	0.75	0	0	Chord	6/8	2	1	3/16			1/8	3/2	266								
31	26	323/4	0.25	3/16	3/16	Chord	6/8	2	1	1/16			1/16	1	267								
31	26	81	0.0	1/4	1/4	FiguredBass	6/8	2	1	0										1/8	3		
31	26	81	0.5	1/4	1/4	Chord	6/8	2	1	1/8			1/8	1	268								
31	26	163/2	1.5	3/8	3/8	Chord	6/8	2	1	3/8			1/4	3/2	269								
31	26	163/2	1.0	3/8	3/8	Chord	6/8	2	2	1/4			1/4	1	270								
31	26	165/2	0.5	5/8	5/8	Chord	6/8	2	2	1/8			1/8	1	271								
32	27	83	0.75	0	0	Chord	6/8	1	1	3/16			1/8	3/2	272								
32	27	335/4	0.25	3/16	3/16	Chord	6/8	1	1	1/16			1/16	1	273								
32	27	84	0.5	1/4	1/4	Chord	6/8	1	1	1/8			1/8	1	274								
32	27	169/2	1.5	3/8	3/8	Chord	6/8	1	1	3/8			1/4	3/2	275	ornamentMordent							
32	27	83	1.5	0	0	Chord	6/8	2	1	3/8			1/4	3/2	276								
32	27	169/2	0.75	3/8	3/8	Chord	6/8	2	1	3/16			1/8	3/2	277								
32	27	341/4	0.25	9/16	9/16	Chord	6/8	2	1	1/16			1/16	1	278								
32	27	171/2	0.5	5/8	5/8	Chord	6/8	2	1	1/8			1/8	1	279								
33	28	86	0.75	0	0	Chord	6/8	1	1	3/16			1/8	3/2	280								
33	28	347/4	0.25	3/16	3/16	Chord	6/8	1	1	1/16			1/16	1	281								
33	28	87	0.5	1/4	1/4	Chord	6/8	1	1	1/8			1/8	1	282								
33	28	175/2	0.75	3/8	3/8	Chord	6/8	1	1	3/16			1/8	3/2	283	ornamentShortTrill							
33	28	353/4	0.25	9/16	9/16	Chord	6/8	1	1	1/16			1/16	1	284								
33	28	177/2	0.5	5/8	5/8	Chord	6/8	1	1	1/8			1/8	1	285								
33	28	86	0.0	0	0	FiguredBass	6/8	2	1	0										1/4	7_		
33	28	86	0.75	0	0	Chord	6/8	2	1	3/16			1/8	3/2	286								
33	28	347/4	0.25	3/16	3/16	Chord	6/8	2	1	1/16			1/16	1	287								
33	28	87	0.0	1/4	1/4	FiguredBass	6/8	2	1	0										1/8	#6		
33	28	87	0.5	1/4	1/4	Chord	6/8	2	1	1/8			1/8	1	288								
33	28	175/2	1.0	3/8	3/8	Chord	6/8	2	1	1/4			1/4	1	289								
33	28	177/2	0.5	5/8	5/8	Chord	6/8	2	1	1/8			1/8	1	290								
34	29	89	0.75	0	0	Chord	6/8	1	1	3/16			1/8	3/2	291								
34	29	359/4	0.25	3/16	3/16	Chord	6/8	1	1	1/16			1/16	1	292								
34	29	90	0.5	1/4	1/4	Chord	6/8	1	1	1/8			1/8	1	293								
34	29	181/2	1.5	3/8	3/8	Chord	6/8	1	1	3/8			1/4	3/2	294	ornamentMordent							
34	29	89	1.5	0	0	Chord	6/8	2	1	3/8			1/4	3/2	295								
34	29	181/2	0.75	3/8	3/8	Chord	6/8	2	1	3/16			1/8	3/2	296								
34	29	365/4	0.25	9/16	9/16	Chord	6/8	2	1	1/16			1/16	1	297								
34	29	183/2	0.5	5/8	5/8	Chord	6/8	2	1	1/8			1/8	1	298								
35	30	92	0.75	0	0	Chord	6/8	1	1	3/16			1/8	3/2	299								
35	30	371/4	0.25	3/16	3/16	Chord	6/8	1	1	1/16			1/16	1	300								
35	30	93	0.5	1/4	1/4	Chord	6/8	1	1	1/8			1/8	1	301								
35	30	187/2	0.75	3/8	3/8	Chord	6/8	1	1	3/16			1/8	3/2	302	ornamentShortTrill							
35	30	377/4	0.25	9/16	9/16	Chord	6/8	1	1	1/16			1/16	1	303								
35	30	189/2	0.5	5/8	5/8	Chord	6/8	1	1	1/8			1/8	1	304								
35	30	92	0.0	0	0	FiguredBass	6/8	2	1	0										1/4	5_		
35	30	92	0.75	0	0	Chord	6/8	2	1	3/16			1/8	3/2	305								
35	30	371/4	0.25	3/16	3/16	Chord	6/8	2	1	1/16			1/16	1	306								
35	30	93	0.0	1/4	1/4	FiguredBass	6/8	2	1	0										1/8	3		
35	30	93	0.5	1/4	1/4	Chord	6/8	2	1	1/8			1/8	1	307								
35	30	187/2	1.5	3/8	3/8	Chord	6/8	2	1	3/8			1/4	3/2	308								
35	30	187/2	1.0	3/8	3/8	Chord	6/8	2	2	1/4			1/4	1	309								
35	30	189/2	0.5	5/8	5/8	Chord	6/8	2	2	1/8			1/8	1	310								
36	31	95	1.0	0	0	Chord	6/8	1	1	1/4			1/4	1	311								
36	31	96	0.5	1/4	1/4	Chord	6/8	1	1	1/8			1/8	1	312								
36	31	193/2	0.75	3/8	3/8	Chord	6/8	1	1	3/16			1/8	3/2	313	ornamentShortTrill							
36	31	389/4	0.25	9/16	9/16	Chord	6/8	1	1	1/16			1/16	1	314								
36	31	195/2	0.5	5/8	5/8	Chord	6/8	1	1	1/8			1/8	1	315								
36	31	95	1.0	0	0	Chord	6/8	2	1	1/4			1/4	1	316								
36	31	96	0.5	1/4	1/4	Chord	6/8	2	1	1/8			1/8	1	317								
36	31	193/2	0.75	3/8	3/8	Chord	6/8	2	1	3/16			1/8	3/2	318								
36	31	389/4	0.25	9/16	9/16	Chord	6/8	2	1	1/16			1/16	1	319								
36	31	195/2	0.5	5/8	5/8	Chord	6/8	2	1	1/8			1/8	1	320								
37	32	98	0.75	0	0	Chord	6/8	1	1	3/16			1/8	3/2	321								
37	32	395/4	0.25	3/16	3/16	Chord	6/8	1	1	1/16			1/16	1	322								
37	32	99	0.5	1/4	1/4	Chord	6/8	1	1	1/8			1/8	1	323								
37	32	199/2	0.75	3/8	3/8	Chord	6/8	1	1	3/16			1/8	3/2	324	ornamentShortTrill							
37	32	401/4	0.25	9/16	9/16	Chord	6/8	1	1	1/16			1/16	1	325								
37	32	201/2	0.5	5/8	5/8	Chord	6/8	1	1	1/8			1/8	1	326								
37	32	98	0.0	0	0	FiguredBass	6/8	2	1	0										3/8	5/_		
37	32	98	0.75	0	0	Chord	6/8	2	1	3/16			1/8	3/2	327	ornamentShortTrill							
37	32	395/4	0.25	3/16	3/16	Chord	6/8	2	1	1/16			1/16	1	328								
37	32	99	0.5	1/4	1/4	Chord	6/8	2	1	1/8			1/8	1	329								
37	32	199/2	0.75	3/8	3/8	Chord	6/8	2	1	3/16			1/8	3/2	330								
37	32	401/4	0.25	9/16	9/16	Chord	6/8	2	1	1/16			1/16	1	331								
37	32	201/2	0.5	5/8	5/8	Chord	6/8	2	1	1/8			1/8	1	332								
38	33	101	0.75	0	0	Chord	6/8	1	1	3/16			1/8	3/2	333								
38	33	407/4	0.25	3/16	3/16	Chord	6/8	1	1	1/16			1/16	1	334								
38	33	102	0.5	1/4	1/4	Chord	6/8	1	1	1/8			1/8	1	335								
38	33	205/2	0.75	3/8	3/8	Chord	6/8	1	1	3/16			1/8	3/2	336								
38	33	413/4	0.25	9/16	9/16	Chord	6/8	1	1	1/16			1/16	1	337								
38	33	207/2	0.5	5/8	5/8	Chord	6/8	1	1	1/8			1/8	1	338								
38	33	101	0.0	0	0	FiguredBass	6/8	2	1	0										3/8	5/_		
38	33	101	0.75	0	0	Chord	6/8	2	1	3/16			1/8	3/2	339	ornamentShortTrill							
38	33	407/4	0.25	3/16	3/16	Chord	6/8	2	1	1/16			1/16	1	340								
38	33	102	0.5	1/4	1/4	Chord	6/8	2	1	1/8			1/8	1	341								
38	33	205/2	0.75	3/8	3/8	Chord	6/8	2	1	3/16			1/8	3/2	342								
38	33	413/4	0.25	9/16	9/16	Chord	6/8	2	1	1/16			1/16	1	343								
38	33	207/2	0.0	5/8	5/8	FiguredBass	6/8	2	1	0										1/8	#6		
38	33	207/2	0.5	5/8	5/8	Chord	6/8	2	1	1/8			1/8	1	344								
39	34	104	0.75	0	0	Chord	6/8	1	1	3/16			1/8	3/2	345	ornamentShortTrill							
39	34	419/4	0.25	3/16	3/16	Chord	6/8	1	1	1/16			1/16	1	346								
39	34	105	0.5	1/4	1/4	Chord	6/8	1	1	1/8			1/8	1	347								
39	34	211/2	0.0	3/8	3/8	Chord	6/8	1	1	0	grace8after		1/8	1	348								
39	34	211/2	0.0	3/8	3/8	Chord	6/8	1	1	0	grace8after		1/8	1	349								
39	34	211/2	1.5	3/8	3/8	Chord	6/8	1	1	3/8			1/4	3/2	350	ornamentShortTrill							
39	34	104	0.75	0	0	Chord	6/8	2	1	3/16			1/8	3/2	351								
39	34	419/4	0.25	3/16	3/16	Chord	6/8	2	1	1/16			1/16	1	352								
39	34	105	0.5	1/4	1/4	Chord	6/8	2	1	1/8			1/8	1	353								
39	34	211/2	1.0	3/8	3/8	Chord	6/8	2	1	1/4			1/4	1	354								
39	34	213/2	0.5	5/8	5/8	Chord	6/8	2	1	1/8			1/8	1	355								
40	35	107	1.0	0	0	Chord	6/8	1	1	1/4			1/4	1	356								
40	35	108	0.5	1/4	1/4	Chord	6/8	1	1	1/8			1/8	1	357								
40	35	217/2	0.75	3/8	3/8	Chord	6/8	1	1	3/16			1/8	3/2	358								
40	35	437/4	0.25	9/16	9/16	Chord	6/8	1	1	1/16			1/16	1	359								
40	35	219/2	0.5	5/8	5/8	Chord	6/8	1	1	1/8			1/8	1	360								
40	35	107	1.0	0	0	Chord	6/8	2	1	1/4			1/4	1	361								
40	35	108	0.5	1/4	1/4	Chord	6/8	2	1	1/8			1/8	1	362								
40	35	217/2	0.75	3/8	3/8	Chord	6/8	2	1	3/16			1/8	3/2	363								
40	35	437/4	0.25	9/16	9/16	Chord	6/8	2	1	1/16			1/16	1	364								
40	35	219/2	0.0	5/8	5/8	FiguredBass	6/8	2	1	0										1/8	#6		
40	35	219/2	0.5	5/8	5/8	Chord	6/8	2	1	1/8			1/8	1	365								
41	36	110	0.75	0	0	Chord	6/8	1	1	3/16			1/8	3/2	366	ornamentShortTrill							
41	36	443/4	0.25	3/16	3/16	Chord	6/8	1	1	1/16			1/16	1	367								
41	36	111	0.5	1/4	1/4	Chord	6/8	1	1	1/8			1/8	1	368								
41	36	223/2	0.75	3/8	3/8	Chord	6/8	1	1	3/16			1/8	3/2	369								
41	36	449/4	0.25	9/16	9/16	Chord	6/8	1	1	1/16			1/16	1	370								
41	36	225/2	0.5	5/8	5/8	Chord	6/8	1	1	1/8			1/8	1	371								
41	36	110	0.75	0	0	Chord	6/8	2	1	3/16			1/8	3/2	372								
41	36	443/4	0.25	3/16	3/16	Chord	6/8	2	1	1/16			1/16	1	373								
41	36	111	0.0	1/4	1/4	FiguredBass	6/8	2	1	0										1/8	6		
41	36	111	0.5	1/4	1/4	Chord	6/8	2	1	1/8			1/8	1	374								
41	36	223/2	0.75	3/8	3/8	Chord	6/8	2	1	3/16			1/8	3/2	375								
41	36	449/4	0.25	9/16	9/16	Chord	6/8	2	1	1/16			1/16	1	376								
41	36	225/2	0.5	5/8	5/8	Chord	6/8	2	1	1/8			1/8	1	377								
42	37	113	0.75	0	0	Chord	6/8	1	1	3/16			1/8	3/2	378								
42	37	455/4	0.25	3/16	3/16	Chord	6/8	1	1	1/16			1/16	1	379								
42	37	114	0.5	1/4	1/4	Chord	6/8	1	1	1/8			1/8	1	380								
42	37	229/2	0.75	3/8	3/8	Chord	6/8	1	1	3/16			1/8	3/2	381	ornamentShortTrill							
42	37	461/4	0.25	9/16	9/16	Chord	6/8	1	1	1/16			1/16	1	382								
42	37	231/2	0.5	5/8	5/8	Chord	6/8	1	1	1/8			1/8	1	383								
42	37	113	0.0	0	0	FiguredBass	6/8	2	1	0										3/16	6		
42	37	113	0.75	0	0	Chord	6/8	2	1	3/16			1/8	3/2	384								
42	37	455/4	0.25	3/16	3/16	Chord	6/8	2	1	1/16			1/16	1	385								
42	37	114	0.5	1/4	1/4	Chord	6/8	2	1	1/8			1/8	1	386								
42	37	229/2	0.75	3/8	3/8	Chord	6/8	2	1	3/16			1/8	3/2	387								
42	37	461/4	0.25	9/16	9/16	Chord	6/8	2	1	1/16			1/16	1	388								
42	37	231/2	0.0	5/8	5/8	FiguredBass	6/8	2	1	0										1/8	6		
42	37	231/2	0.5	5/8	5/8	Chord	6/8	2	1	1/8			1/8	1	389								
43	38	116	0.75	0	0	Chord	6/8	1	1	3/16			1/8	3/2	390								
43	38	467/4	0.25	3/16	3/16	Chord	6/8	1	1	1/16			1/16	1	391								
43	38	117	0.5	1/4	1/4	Chord	6/8	1	1	1/8			1/8	1	392								
43	38	235/2	1.0	3/8	3/8	Chord	6/8	1	1	1/4			1/4	1	393								2
43	38	237/2	0.0	5/8	5/8	Chord	6/8	1	1	0	grace8after		1/8	1	394								
43	38	237/2	0.0	5/8	5/8	Chord	6/8	1	1	0	grace8after		1/8	1	395								
43	38	237/2	0.5	5/8	5/8	Chord	6/8	1	1	1/8			1/8	1	396	ornamentShortTrill							
43	38	116	0.0	0	0	FiguredBass	6/8	2	1	0										3/16	7		
43	38	116	0.75	0	0	Chord	6/8	2	1	3/16			1/8	3/2	397								
43	38	467/4	0.0	3/16	3/16	FiguredBass	6/8	2	1	0										1/16	5/		
43	38	467/4	0.25	3/16	3/16	Chord	6/8	2	1	1/16			1/16	1	398								
43	38	117	0.5	1/4	1/4	Chord	6/8	2	1	1/8			1/8	1	399								
43	38	235/2	0.0	3/8	3/8	FiguredBass	6/8	2	1	0										1/4	6	4	
43	38	235/2	1.5	3/8	3/8	Chord	6/8	2	1	3/8			1/4	3/2	400								
43	38	237/2	0.0	5/8	5/8	FiguredBass	6/8	2	1	0										1/8	3		
43	38	235/2	1.0	3/8	3/8	Chord	6/8	2	2	1/4			1/4	1	401								
43	38	237/2	0.5	5/8	5/8	Chord	6/8	2	2	1/8			1/8	1	402								
44	39	119	1.0	0	0	Chord	6/8	1	1	1/4			1/4	1	403								
44	39	120	0.5	1/4	1/4	Chord	6/8	1	1	1/8			1/8	1	404								
44	39	241/2	0.75	3/8	3/8	Chord	6/8	1	1	3/16			1/8	3/2	405								
44	39	485/4	0.25	9/16	9/16	Chord	6/8	1	1	1/16			1/16	1	406								
44	39	243/2	0.5	5/8	5/8	Chord	6/8	1	1	1/8			1/8	1	407								
44	39	119	0.5	0	0	Chord	6/8	2	1	1/8			1/8	1	408								
44	39	239/2	0.5	1/8	1/8	Chord	6/8	2	1	1/8			1/8	1	409								
44	39	120	0.5	1/4	1/4	Chord	6/8	2	1	1/8			1/8	1	410								
44	39	241/2	0.75	3/8	3/8	Chord	6/8	2	1	3/16			1/8	3/2	411								
44	39	485/4	0.25	9/16	9/16	Chord	6/8	2	1	1/16			1/16	1	412								
44	39	243/2	0.0	5/8	5/8	FiguredBass	6/8	2	1	0										1/8	#6		
44	39	243/2	0.5	5/8	5/8	Chord	6/8	2	1	1/8			1/8	1	413								
45	40	122	0.75	0	0	Chord	6/8	1	1	3/16			1/8	3/2	414	ornamentShortTrill							
45	40	491/4	0.25	3/16	3/16	Chord	6/8	1	1	1/16			1/16	1	415								
45	40	123	0.5	1/4	1/4	Chord	6/8	1	1	1/8			1/8	1	416								
45	40	247/2	0.75	3/8	3/8	Chord	6/8	1	1	3/16			1/8	3/2	417								
45	40	497/4	0.25	9/16	9/16	Chord	6/8	1	1	1/16			1/16	1	418								
45	40	249/2	0.5	5/8	5/8	Chord	6/8	1	1	1/8			1/8	1	419								
45	40	122	0.75	0	0	Chord	6/8	2	1	3/16			1/8	3/2	420								
45	40	491/4	0.25	3/16	3/16	Chord	6/8	2	1	1/16			1/16	1	421								
45	40	123	0.0	1/4	1/4	FiguredBass	6/8	2	1	0										1/8	6		
45	40	123	0.5	1/4	1/4	Chord	6/8	2	1	1/8			1/8	1	422								
45	40	247/2	0.75	3/8	3/8	Chord	6/8	2	1	3/16			1/8	3/2	423								
45	40	497/4	0.25	9/16	9/16	Chord	6/8	2	1	1/16			1/16	1	424								
45	40	249/2	0.5	5/8	5/8	Chord	6/8	2	1	1/8			1/8	1	425								
46	41	125	0.75	0	0	Chord	6/8	1	1	3/16			1/8	3/2	426								
46	41	503/4	0.25	3/16	3/16	Chord	6/8	1	1	1/16			1/16	1	427								
46	41	126	0.5	1/4	1/4	Chord	6/8	1	1	1/8			1/8	1	428								
46	41	253/2	0.75	3/8	3/8	Chord	6/8	1	1	3/16			1/8	3/2	429	ornamentShortTrill							
46	41	509/4	0.25	9/16	9/16	Chord	6/8	1	1	1/16			1/16	1	430								
46	41	255/2	0.5	5/8	5/8	Chord	6/8	1	1	1/8			1/8	1	431								
46	41	125	0.0	0	0	FiguredBass	6/8	2	1	0										3/16	6		
46	41	125	0.75	0	0	Chord	6/8	2	1	3/16			1/8	3/2	432								
46	41	503/4	0.25	3/16	3/16	Chord	6/8	2	1	1/16			1/16	1	433								
46	41	126	0.5	1/4	1/4	Chord	6/8	2	1	1/8			1/8	1	434								
46	41	253/2	0.75	3/8	3/8	Chord	6/8	2	1	3/16			1/8	3/2	435								
46	41	509/4	0.25	9/16	9/16	Chord	6/8	2	1	1/16			1/16	1	436								
46	41	255/2	0.0	5/8	5/8	FiguredBass	6/8	2	1	0										1/8	6		
46	41	255/2	0.5	5/8	5/8	Chord	6/8	2	1	1/8			1/8	1	437								
47	42	128	0.75	0	0	Chord	6/8	1	1	3/16			1/8	3/2	438								
47	42	515/4	0.25	3/16	3/16	Chord	6/8	1	1	1/16			1/16	1	439								
47	42	129	0.5	1/4	1/4	Chord	6/8	1	1	1/8			1/8	1	440								
47	42	259/2	1.0	3/8	3/8	Chord	6/8	1	1	1/4			1/4	1	441								3
47	42	261/2	0.375	5/8	5/8	Chord	6/8	1	1	3/32			1/16	3/2	442	ornamentShortTrill							
47	42	1047/8	0.125	23/32	23/32	Chord	6/8	1	1	1/32			1/32	1	443								
47	42	128	0.0	0	0	FiguredBass	6/8	2	1	0										3/16	7		
47	42	128	0.75	0	0	Chord	6/8	2	1	3/16			1/8	3/2	444								
47	42	515/4	0.0	3/16	3/16	FiguredBass	6/8	2	1	0										1/16	5/		
47	42	515/4	0.25	3/16	3/16	Chord	6/8	2	1	1/16			1/16	1	445								
47	42	129	0.5	1/4	1/4	Chord	6/8	2	1	1/8			1/8	1	446								
47	42	259/2	0.0	3/8	3/8	FiguredBass	6/8	2	1	0										1/4	6	4	
47	42	259/2	1.5	3/8	3/8	Chord	6/8	2	1	3/8			1/4	3/2	447								
47	42	261/2	0.0	5/8	5/8	FiguredBass	6/8	2	1	0										1/8	3		
47	42	259/2	1.0	3/8	3/8	Chord	6/8	2	2	1/4			1/4	1	448								
47	42	261/2	0.5	5/8	5/8	Chord	6/8	2	2	1/8			1/8	1	449								
48	43	131	1.0	0	0	Chord	6/8	1	1	1/4			1/4	1	450								
48	43	131	0.5	0	0	Chord	6/8	2	1	1/8			1/8	1	451								
48	43	263/2	0.5	1/8	1/8	Chord	6/8	2	1	1/8			1/8	1	452								
48	43	131	1.0	0	0	Chord	6/8	2	2	1/4			1/4	1	453								
49	43	132	0.0	0	1/4	StaffText	6/8	1	1	0							"<font size=""12""/><font face=""SnellRoundhand BoldScript""/>Notes √©gales, et coul√©es"						
49	43	132	0.5	0	1/4	Chord	6/8	1	1	1/8			1/8	1	454								
49	43	265/2	0.5	1/8	3/8	Chord	6/8	1	1	1/8			1/8	1	455								4
49	43	133	0.5	1/4	1/2	Chord	6/8	1	1	1/8			1/8	1	456								4
49	43	267/2	0.5	3/8	5/8	Chord	6/8	1	1	1/8			1/8	1	457								
49	43	132	0.5	0	1/4	Chord	6/8	2	1	1/8			1/8	1	458								
49	43	265/2	0.0	1/8	3/8	FiguredBass	6/8	2	1	0										3/8	6	5_	
49	43	265/2	1.0	1/8	3/8	Chord	6/8	2	1	1/4			1/4	1	459								
49	43	267/2	0.5	3/8	5/8	Chord	6/8	2	1	1/8			1/8	1	460								
50	44	134	0.5	0	0	Chord	6/8	1	1	1/8			1/8	1	461								
50	44	269/2	0.5	1/8	1/8	Chord	6/8	1	1	1/8			1/8	1	462								
50	44	135	0.5	1/4	1/4	Chord	6/8	1	1	1/8			1/8	1	463								
50	44	271/2	0.0	3/8	3/8	Chord	6/8	1	1	0	grace8after		1/8	1	464								
50	44	271/2	0.0	3/8	3/8	Chord	6/8	1	1	0	grace8after		1/8	1	465								
50	44	271/2	1.5	3/8	3/8	Chord	6/8	1	1	3/8			1/4	3/2	466	ornamentShortTrill							
50	44	134	0.0	0	0	FiguredBass	6/8	2	1	0										3/8	6_		
50	44	134	1.0	0	0	Chord	6/8	2	1	1/4			1/4	1	467								
50	44	135	0.5	1/4	1/4	Chord	6/8	2	1	1/8			1/8	1	468								
50	44	271/2	0.0	3/8	3/8	FiguredBass	6/8	2	1	0										3/8	6	5_	
50	44	271/2	1.0	3/8	3/8	Chord	6/8	2	1	1/4			1/4	1	469								
50	44	273/2	0.5	5/8	5/8	Chord	6/8	2	1	1/8			1/8	1	470								
51	45	137	0.5	0	0	Chord	6/8	1	1	1/8			1/8	1	471								
51	45	275/2	0.5	1/8	1/8	Chord	6/8	1	1	1/8			1/8	1	472								5
51	45	138	0.5	1/4	1/4	Chord	6/8	1	1	1/8			1/8	1	473								
51	45	277/2	0.5	3/8	3/8	Chord	6/8	1	1	1/8			1/8	1	474								6
51	45	139	0.5	1/2	1/2	Chord	6/8	1	1	1/8			1/8	1	475								6
51	45	279/2	0.5	5/8	5/8	Chord	6/8	1	1	1/8			1/8	1	476								
51	45	137	0.0	0	0	FiguredBass	6/8	2	1	0										3/8	6_		
51	45	137	0.5	0	0	Chord	6/8	2	1	1/8			1/8	1	477								
51	45	275/2	0.5	1/8	1/8	Chord	6/8	2	1	1/8			1/8	1	478								
51	45	138	0.5	1/4	1/4	Chord	6/8	2	1	1/8			1/8	1	479								
51	45	277/2	0.0	3/8	3/8	FiguredBass	6/8	2	1	0										3/8	6	5_	
51	45	277/2	0.5	3/8	3/8	Chord	6/8	2	1	1/8			1/8	1	480								
51	45	139	0.5	1/2	1/2	Chord	6/8	2	1	1/8			1/8	1	481								
51	45	279/2	0.5	5/8	5/8	Chord	6/8	2	1	1/8			1/8	1	482								
52	46	140	0.5	0	0	Chord	6/8	1	1	1/8			1/8	1	483								
52	46	281/2	0.5	1/8	1/8	Chord	6/8	1	1	1/8			1/8	1	484								
52	46	141	0.5	1/4	1/4	Chord	6/8	1	1	1/8			1/8	1	485								
52	46	283/2	0.0	3/8	3/8	Chord	6/8	1	1	0	grace8after		1/8	1	486								
52	46	283/2	0.0	3/8	3/8	Chord	6/8	1	1	0	grace8after		1/8	1	487								
52	46	283/2	1.5	3/8	3/8	Chord	6/8	1	1	3/8			1/4	3/2	488	ornamentShortTrill							
52	46	140	0.0	0	0	FiguredBass	6/8	2	1	0										3/8	6_		
52	46	140	0.5	0	0	Chord	6/8	2	1	1/8			1/8	1	489								
52	46	281/2	0.5	1/8	1/8	Chord	6/8	2	1	1/8			1/8	1	490								
52	46	141	0.5	1/4	1/4	Chord	6/8	2	1	1/8			1/8	1	491								
52	46	283/2	0.0	3/8	3/8	FiguredBass	6/8	2	1	0										3/8	6	5_	
52	46	283/2	0.5	3/8	3/8	Chord	6/8	2	1	1/8			1/8	1	492								
52	46	142	0.5	1/2	1/2	Chord	6/8	2	1	1/8			1/8	1	493								
52	46	285/2	0.5	5/8	5/8	Chord	6/8	2	1	1/8			1/8	1	494								
53	47	143	1.0	0	0	Chord	6/8	1	1	1/4			1/4	1	495								
53	47	144	0.5	1/4	1/4	Chord	6/8	1	1	1/8			1/8	1	496								
53	47	289/2	0.5	3/8	3/8	Chord	6/8	1	1	1/8			1/8	1	497								7
53	47	145	0.5	1/2	1/2	Chord	6/8	1	1	1/8			1/8	1	498								7
53	47	291/2	0.5	5/8	5/8	Chord	6/8	1	1	1/8			1/8	1	499								
53	47	143	0.0	0	0	FiguredBass	6/8	2	1	0										3/8	6_		
53	47	143	0.5	0	0	Chord	6/8	2	1	1/8			1/8	1	500								
53	47	287/2	0.5	1/8	1/8	Chord	6/8	2	1	1/8			1/8	1	501								
53	47	144	0.5	1/4	1/4	Chord	6/8	2	1	1/8			1/8	1	502								
53	47	289/2	0.0	3/8	3/8	FiguredBass	6/8	2	1	0										3/8	6	5_	
53	47	289/2	1.0	3/8	3/8	Chord	6/8	2	1	1/4			1/4	1	503								
53	47	291/2	0.5	5/8	5/8	Chord	6/8	2	1	1/8			1/8	1	504								
54	48	146	0.5	0	0	Chord	6/8	1	1	1/8			1/8	1	505								
54	48	293/2	0.5	1/8	1/8	Chord	6/8	1	1	1/8			1/8	1	506								
54	48	147	0.5	1/4	1/4	Chord	6/8	1	1	1/8			1/8	1	507								
54	48	295/2	0.5	3/8	3/8	Chord	6/8	1	1	1/8			1/8	1	508								8
54	48	148	0.5	1/2	1/2	Chord	6/8	1	1	1/8			1/8	1	509								8
54	48	297/2	0.5	5/8	5/8	Chord	6/8	1	1	1/8			1/8	1	510								
54	48	146	0.0	0	0	FiguredBass	6/8	2	1	0										3/8	6_		
54	48	146	1.0	0	0	Chord	6/8	2	1	1/4			1/4	1	511								
54	48	147	0.5	1/4	1/4	Chord	6/8	2	1	1/8			1/8	1	512								
54	48	295/2	0.0	3/8	3/8	FiguredBass	6/8	2	1	0										3/8	6	5_	
54	48	295/2	1.0	3/8	3/8	Chord	6/8	2	1	1/4			1/4	1	513								
54	48	297/2	0.5	5/8	5/8	Chord	6/8	2	1	1/8			1/8	1	514								
55	49	149	0.5	0	0	Chord	6/8	1	1	1/8			1/8	1	515								
55	49	299/2	0.5	1/8	1/8	Chord	6/8	1	1	1/8			1/8	1	516								
55	49	150	0.5	1/4	1/4	Chord	6/8	1	1	1/8			1/8	1	517								
55	49	301/2	0.5	3/8	3/8	Chord	6/8	1	1	1/8			1/8	1	518								9
55	49	151	0.5	1/2	1/2	Chord	6/8	1	1	1/8			1/8	1	519								9
55	49	303/2	0.5	5/8	5/8	Chord	6/8	1	1	1/8			1/8	1	520								
55	49	149	0.0	0	0	FiguredBass	6/8	2	1	0										3/8	6_		
55	49	149	1.0	0	0	Chord	6/8	2	1	1/4			1/4	1	521								
55	49	150	0.5	1/4	1/4	Chord	6/8	2	1	1/8			1/8	1	522								
55	49	301/2	0.0	3/8	3/8	FiguredBass	6/8	2	1	0										3/8	6	5_	
55	49	301/2	1.0	3/8	3/8	Chord	6/8	2	1	1/4			1/4	1	523								
55	49	303/2	0.5	5/8	5/8	Chord	6/8	2	1	1/8			1/8	1	524								
56	50	152	0.5	0	0	Chord	6/8	1	1	1/8			1/8	1	525								
56	50	305/2	0.5	1/8	1/8	Chord	6/8	1	1	1/8			1/8	1	526								
56	50	153	0.5	1/4	1/4	Chord	6/8	1	1	1/8			1/8	1	527								
56	50	307/2	1.0	3/8	3/8	Chord	6/8	1	1	1/4			1/4	1	528								
56	50	309/2	0.0	5/8	5/8	Chord	6/8	1	1	0	grace8after		1/8	1	529								
56	50	309/2	0.0	5/8	5/8	Chord	6/8	1	1	0	grace8after		1/8	1	530								
56	50	309/2	0.5	5/8	5/8	Chord	6/8	1	1	1/8			1/8	1	531	ornamentShortTrill							
56	50	152	0.0	0	0	FiguredBass	6/8	2	1	0										3/8	6_		
56	50	152	1.0	0	0	Chord	6/8	2	1	1/4			1/4	1	532								
56	50	153	0.5	1/4	1/4	Chord	6/8	2	1	1/8			1/8	1	533								
56	50	307/2	0.0	3/8	3/8	FiguredBass	6/8	2	1	0										1/4	6	4	
56	50	307/2	1.5	3/8	3/8	Chord	6/8	2	1	3/8			1/4	3/2	534								
56	50	309/2	0.0	5/8	5/8	FiguredBass	6/8	2	1	0										1/8	#3		
56	50	307/2	1.0	3/8	3/8	Chord	6/8	2	2	1/4			1/4	1	535								
56	50	309/2	0.5	5/8	5/8	Chord	6/8	2	2	1/8			1/8	1	536								
57	51	155	1.0	0	0	Chord	6/8	1	1	1/4			1/4	1	537								
57	51	156	0.5	1/4	1/4	Chord	6/8	1	1	1/8			1/8	1	538								
57	51	313/2	0.5	3/8	3/8	Chord	6/8	1	1	1/8			1/8	1	539								10
57	51	157	0.5	1/2	1/2	Chord	6/8	1	1	1/8			1/8	1	540								10
57	51	315/2	0.5	5/8	5/8	Chord	6/8	1	1	1/8			1/8	1	541								
57	51	155	0.5	0	0	Chord	6/8	2	1	1/8			1/8	1	542								
57	51	311/2	0.5	1/8	1/8	Chord	6/8	2	1	1/8			1/8	1	543								
57	51	156	0.5	1/4	1/4	Chord	6/8	2	1	1/8			1/8	1	544								
57	51	313/2	0.0	3/8	3/8	FiguredBass	6/8	2	1	0										3/8	6	5_	
57	51	313/2	0.5	3/8	3/8	Chord	6/8	2	1	1/8			1/8	1	545								
57	51	157	0.5	1/2	1/2	Chord	6/8	2	1	1/8			1/8	1	546								
57	51	315/2	0.5	5/8	5/8	Chord	6/8	2	1	1/8			1/8	1	547								
58	52	158	0.5	0	0	Chord	6/8	1	1	1/8			1/8	1	548								
58	52	317/2	0.5	1/8	1/8	Chord	6/8	1	1	1/8			1/8	1	549								
58	52	159	0.5	1/4	1/4	Chord	6/8	1	1	1/8			1/8	1	550								
58	52	319/2	0.5	3/8	3/8	Chord	6/8	1	1	1/8			1/8	1	551								11
58	52	160	0.5	1/2	1/2	Chord	6/8	1	1	1/8			1/8	1	552								11
58	52	321/2	0.5	5/8	5/8	Chord	6/8	1	1	1/8			1/8	1	553								
58	52	158	0.0	0	0	FiguredBass	6/8	2	1	0										3/8	6_		
58	52	158	0.5	0	0	Chord	6/8	2	1	1/8			1/8	1	554								
58	52	317/2	0.5	1/8	1/8	Chord	6/8	2	1	1/8			1/8	1	555								
58	52	159	0.5	1/4	1/4	Chord	6/8	2	1	1/8			1/8	1	556								
58	52	319/2	0.0	3/8	3/8	FiguredBass	6/8	2	1	0										3/8	6	5_	
58	52	319/2	0.5	3/8	3/8	Chord	6/8	2	1	1/8			1/8	1	557								
58	52	160	0.5	1/2	1/2	Chord	6/8	2	1	1/8			1/8	1	558								
58	52	321/2	0.5	5/8	5/8	Chord	6/8	2	1	1/8			1/8	1	559								
59	53	161	0.5	0	0	Chord	6/8	1	1	1/8			1/8	1	560								
59	53	323/2	0.5	1/8	1/8	Chord	6/8	1	1	1/8			1/8	1	561								
59	53	162	0.5	1/4	1/4	Chord	6/8	1	1	1/8			1/8	1	562								
59	53	325/2	0.5	3/8	3/8	Chord	6/8	1	1	1/8			1/8	1	563								12
59	53	163	0.5	1/2	1/2	Chord	6/8	1	1	1/8			1/8	1	564								12
59	53	327/2	0.5	5/8	5/8	Chord	6/8	1	1	1/8			1/8	1	565								
59	53	161	0.0	0	0	FiguredBass	6/8	2	1	0										3/8	6_		
59	53	161	0.5	0	0	Chord	6/8	2	1	1/8			1/8	1	566								
59	53	323/2	0.5	1/8	1/8	Chord	6/8	2	1	1/8			1/8	1	567								
59	53	162	0.5	1/4	1/4	Chord	6/8	2	1	1/8			1/8	1	568								
59	53	325/2	0.0	3/8	3/8	FiguredBass	6/8	2	1	0										3/8	6	5_	
59	53	325/2	0.5	3/8	3/8	Chord	6/8	2	1	1/8			1/8	1	569								
59	53	163	0.5	1/2	1/2	Chord	6/8	2	1	1/8			1/8	1	570								
59	53	327/2	0.5	5/8	5/8	Chord	6/8	2	1	1/8			1/8	1	571								
60	54	164	0.5	0	0	Chord	6/8	1	1	1/8			1/8	1	572								
60	54	329/2	0.5	1/8	1/8	Chord	6/8	1	1	1/8			1/8	1	573								
60	54	165	0.5	1/4	1/4	Chord	6/8	1	1	1/8			1/8	1	574								
60	54	331/2	1.0	3/8	3/8	Chord	6/8	1	1	1/4			1/4	1	575								13
60	54	333/2	0.0	5/8	5/8	Chord	6/8	1	1	0	grace8after		1/8	1	576								
60	54	333/2	0.0	5/8	5/8	Chord	6/8	1	1	0	grace8after		1/8	1	577								
60	54	333/2	0.5	5/8	5/8	Chord	6/8	1	1	1/8			1/8	1	578	ornamentShortTrill							
60	54	164	0.0	0	0	FiguredBass	6/8	2	1	0										3/8	6_		
60	54	164	1.0	0	0	Chord	6/8	2	1	1/4			1/4	1	579								
60	54	165	0.5	1/4	1/4	Chord	6/8	2	1	1/8			1/8	1	580								
60	54	331/2	0.0	3/8	3/8	FiguredBass	6/8	2	1	0										1/4	6	4	
60	54	331/2	1.5	3/8	3/8	Chord	6/8	2	1	3/8			1/4	3/2	581								
60	54	333/2	0.0	5/8	5/8	FiguredBass	6/8	2	1	0										1/8	#3		
60	54	331/2	1.0	3/8	3/8	Chord	6/8	2	2	1/4			1/4	1	582								
60	54	333/2	0.5	5/8	5/8	Chord	6/8	2	2	1/8			1/8	1	583								
61	55	167	1.0	0	0	Chord	6/8	1	1	1/4			1/4	1	584								
61	55	167	1.0	0	0	Chord	6/8	2	1	1/4			1/4	1	585								
