mc	mn	quarterbeats	duration_qb	mc_onset	mn_onset	event	timesig	staff	voice	duration	gracenote	tremolo	nominal_duration	scalar	chord_id	lyrics_1	articulation	staff_text	tempo	qpm	thoroughbass_duration	thoroughbass_level_1	thoroughbass_level_2	thoroughbass_level_3	slur
1	0	0	0.0	0	3/8	StaffText	4/4	1	1	0								"vivement, et les croches
égales et marquées."							
1	0	0	0.0	0	3/8	Tempo	4/4	1	1	0									 = 110	110					
1	0	0	0.5	0	3/8	Chord	4/4	1	1	1/8			1/8	1	0										
1	0	1/2	1.5	1/8	1/2	Chord	4/4	1	1	3/8			1/4	3/2	1										
1	0	2	0.5	1/2	7/8	Chord	4/4	1	1	1/8			1/8	1	2										
1	0	2	0.0	1/2	7/8	FiguredBass	4/4	2	1	0											1/8	6	4		
1	0	2	0.5	1/2	7/8	Chord	4/4	2	1	1/8			1/8	1	3										
2	1	5/2	0.5	0	0	Chord	4/4	1	1	1/8			1/8	1	4		ornamentShortTrill								
2	1	3	0.5	1/8	1/8	Chord	4/4	1	1	1/8			1/8	1	5										
2	1	7/2	0.5	1/4	1/4	Chord	4/4	1	1	1/8			1/8	1	6										
2	1	4	0.5	3/8	3/8	Chord	4/4	1	1	1/8			1/8	1	7										
2	1	9/2	1.0	1/2	1/2	Chord	4/4	1	1	1/4			1/4	1	8		ornamentShortTrill								
2	1	11/2	1.0	3/4	3/4	Chord	4/4	1	1	1/4			1/4	1	9										
2	1	5/2	0.0	0	0	FiguredBass	4/4	2	1	0											3/8	3			
2	1	5/2	1.5	0	0	Chord	4/4	2	1	3/8			1/4	3/2	10										
2	1	4	0.0	3/8	3/8	FiguredBass	4/4	2	1	0											1/8	6	4		
2	1	4	0.5	3/8	3/8	Chord	4/4	2	1	1/8			1/8	1	11										
2	1	9/2	0.0	1/2	1/2	FiguredBass	4/4	2	1	0											1/4	7_			
2	1	9/2	0.5	1/2	1/2	Chord	4/4	2	1	1/8			1/8	1	12										
2	1	5	0.5	5/8	5/8	Chord	4/4	2	1	1/8			1/8	1	13										
2	1	11/2	0.0	3/4	3/4	FiguredBass	4/4	2	1	0											1/4	6_			
2	1	11/2	0.5	3/4	3/4	Chord	4/4	2	1	1/8			1/8	1	14										
2	1	6	0.5	7/8	7/8	Chord	4/4	2	1	1/8			1/8	1	15										
3	2	13/2	1.0	0	0	Chord	4/4	1	1	1/4			1/4	1	16										
3	2	8	0.5	3/8	3/8	Chord	4/4	1	1	1/8			1/8	1	17										
3	2	17/2	0.5	1/2	1/2	Chord	4/4	1	1	1/8			1/8	1	18										0
3	2	9	0.25	5/8	5/8	Chord	4/4	1	1	1/16			1/16	1	19		ornamentShortTrill								
3	2	37/4	0.25	11/16	11/16	Chord	4/4	1	1	1/16			1/16	1	20										
3	2	19/2	0.5	3/4	3/4	Chord	4/4	1	1	1/8			1/8	1	21										
3	2	10	0.5	7/8	7/8	Chord	4/4	1	1	1/8			1/8	1	22										
3	2	13/2	0.0	0	0	FiguredBass	4/4	2	1	0											1/4	7_			
3	2	13/2	0.5	0	0	Chord	4/4	2	1	1/8			1/8	1	23										
3	2	7	0.5	1/8	1/8	Chord	4/4	2	1	1/8			1/8	1	24										
3	2	15/2	0.0	1/4	1/4	FiguredBass	4/4	2	1	0											1/4	6_			
3	2	15/2	0.5	1/4	1/4	Chord	4/4	2	1	1/8			1/8	1	25										
3	2	8	0.5	3/8	3/8	Chord	4/4	2	1	1/8			1/8	1	26										
3	2	17/2	0.0	1/2	1/2	FiguredBass	4/4	2	1	0											1/4	5	2_		
3	2	17/2	0.5	1/2	1/2	Chord	4/4	2	1	1/8			1/8	1	27										
3	2	9	0.5	5/8	5/8	Chord	4/4	2	1	1/8			1/8	1	28										
3	2	19/2	0.0	3/4	3/4	FiguredBass	4/4	2	1	0											1/8	6			
3	2	19/2	0.5	3/4	3/4	Chord	4/4	2	1	1/8			1/8	1	29										
3	2	10	0.0	7/8	7/8	FiguredBass	4/4	2	1	0											1/8	5/			
3	2	10	0.5	7/8	7/8	Chord	4/4	2	1	1/8			1/8	1	30										
4	3	21/2	0.5	0	0	Chord	4/4	1	1	1/8			1/8	1	31										1
4	3	11	0.25	1/8	1/8	Chord	4/4	1	1	1/16			1/16	1	32		ornamentShortTrill								
4	3	45/4	0.25	3/16	3/16	Chord	4/4	1	1	1/16			1/16	1	33										
4	3	23/2	0.5	1/4	1/4	Chord	4/4	1	1	1/8			1/8	1	34										
4	3	12	0.5	3/8	3/8	Chord	4/4	1	1	1/8			1/8	1	35										
4	3	25/2	0.5	1/2	1/2	Chord	4/4	1	1	1/8			1/8	1	36										
4	3	13	0.5	5/8	5/8	Chord	4/4	1	1	1/8			1/8	1	37										
4	3	27/2	0.5	3/4	3/4	Chord	4/4	1	1	1/8			1/8	1	38										
4	3	14	0.5	7/8	7/8	Chord	4/4	1	1	1/8			1/8	1	39										
4	3	21/2	0.0	0	0	FiguredBass	4/4	2	1	0											1/4	5	4_		
4	3	21/2	0.5	0	0	Chord	4/4	2	1	1/8			1/8	1	40										
4	3	11	0.5	1/8	1/8	Chord	4/4	2	1	1/8			1/8	1	41										
4	3	23/2	0.0	1/4	1/4	FiguredBass	4/4	2	1	0											1/8	3			
4	3	23/2	0.5	1/4	1/4	Chord	4/4	2	1	1/8			1/8	1	42										
4	3	12	0.0	3/8	3/8	FiguredBass	4/4	2	1	0											1/8	6			
4	3	12	0.5	3/8	3/8	Chord	4/4	2	1	1/8			1/8	1	43										
4	3	25/2	0.0	1/2	1/2	FiguredBass	4/4	2	1	0											1/2	6	5_		
4	3	25/2	0.5	1/2	1/2	Chord	4/4	2	1	1/8			1/8	1	44										
4	3	13	0.5	5/8	5/8	Chord	4/4	2	1	1/8			1/8	1	45										
4	3	27/2	0.5	3/4	3/4	Chord	4/4	2	1	1/8			1/8	1	46										
4	3	14	0.5	7/8	7/8	Chord	4/4	2	1	1/8			1/8	1	47										
5	4	29/2	1.0	0	0	Chord	4/4	1	1	1/4			1/4	1	48		ornamentShortTrill								
5	4	16	0.5	3/8	3/8	Chord	4/4	1	1	1/8			1/8	1	49										
5	4	33/2	1.5	1/2	1/2	Chord	4/4	1	1	3/8			1/4	3/2	50										
5	4	18	0.5	7/8	7/8	Chord	4/4	1	1	1/8			1/8	1	51										
5	4	29/2	0.5	0	0	Chord	4/4	2	1	1/8			1/8	1	52										
5	4	15	0.5	1/8	1/8	Chord	4/4	2	1	1/8			1/8	1	53										
5	4	31/2	0.5	1/4	1/4	Chord	4/4	2	1	1/8			1/8	1	54										
5	4	16	0.5	3/8	3/8	Chord	4/4	2	1	1/8			1/8	1	55										
5	4	33/2	0.0	1/2	1/2	FiguredBass	4/4	2	1	0											1/2	6_			
5	4	33/2	0.5	1/2	1/2	Chord	4/4	2	1	1/8			1/8	1	56										
5	4	17	0.5	5/8	5/8	Chord	4/4	2	1	1/8			1/8	1	57										
5	4	35/2	0.5	3/4	3/4	Chord	4/4	2	1	1/8			1/8	1	58										
5	4	18	0.5	7/8	7/8	Chord	4/4	2	1	1/8			1/8	1	59										
6	5	37/2	0.5	0	0	Chord	4/4	1	1	1/8			1/8	1	60										
6	5	19	0.25	1/8	1/8	Chord	4/4	1	1	1/16			1/16	1	61										
6	5	77/4	0.25	3/16	3/16	Chord	4/4	1	1	1/16			1/16	1	62										
6	5	39/2	0.5	1/4	1/4	Chord	4/4	1	1	1/8			1/8	1	63										
6	5	20	0.5	3/8	3/8	Chord	4/4	1	1	1/8			1/8	1	64										
6	5	41/2	1.5	1/2	1/2	Chord	4/4	1	1	3/8			1/4	3/2	65										
6	5	22	0.5	7/8	7/8	Chord	4/4	1	1	1/8			1/8	1	66										
6	5	37/2	0.0	0	0	FiguredBass	4/4	2	1	0											1/4	5	3	2_	
6	5	37/2	0.5	0	0	Chord	4/4	2	1	1/8			1/8	1	67										
6	5	19	0.5	1/8	1/8	Chord	4/4	2	1	1/8			1/8	1	68										
6	5	39/2	0.0	1/4	1/4	FiguredBass	4/4	2	1	0											1/4	3_			
6	5	39/2	0.5	1/4	1/4	Chord	4/4	2	1	1/8			1/8	1	69										
6	5	20	0.5	3/8	3/8	Chord	4/4	2	1	1/8			1/8	1	70										
6	5	41/2	0.5	1/2	1/2	Chord	4/4	2	1	1/8			1/8	1	71										
6	5	21	0.5	5/8	5/8	Chord	4/4	2	1	1/8			1/8	1	72										
6	5	43/2	0.5	3/4	3/4	Chord	4/4	2	1	1/8			1/8	1	73										
6	5	22	0.5	7/8	7/8	Chord	4/4	2	1	1/8			1/8	1	74										
7	6	45/2	0.5	0	0	Chord	4/4	1	1	1/8			1/8	1	75										
7	6	23	0.25	1/8	1/8	Chord	4/4	1	1	1/16			1/16	1	76										
7	6	93/4	0.25	3/16	3/16	Chord	4/4	1	1	1/16			1/16	1	77										
7	6	47/2	0.5	1/4	1/4	Chord	4/4	1	1	1/8			1/8	1	78										
7	6	24	0.5	3/8	3/8	Chord	4/4	1	1	1/8			1/8	1	79										
7	6	49/2	0.5	1/2	1/2	Chord	4/4	1	1	1/8			1/8	1	80										
7	6	25	0.5	5/8	5/8	Chord	4/4	1	1	1/8			1/8	1	81										
7	6	51/2	0.5	3/4	3/4	Chord	4/4	1	1	1/8			1/8	1	82										
7	6	26	0.5	7/8	7/8	Chord	4/4	1	1	1/8			1/8	1	83										
7	6	45/2	0.0	0	0	FiguredBass	4/4	2	1	0											1/4	5	3	2_	
7	6	45/2	0.5	0	0	Chord	4/4	2	1	1/8			1/8	1	84										
7	6	23	0.5	1/8	1/8	Chord	4/4	2	1	1/8			1/8	1	85										
7	6	47/2	0.5	1/4	1/4	Chord	4/4	2	1	1/8			1/8	1	86										
7	6	24	0.25	3/8	3/8	Chord	4/4	2	1	1/16			1/16	1	87										
7	6	97/4	0.25	7/16	7/16	Chord	4/4	2	1	1/16			1/16	1	88										
7	6	49/2	0.0	1/2	1/2	FiguredBass	4/4	2	1	0											1/2	3_			
7	6	49/2	0.5	1/2	1/2	Chord	4/4	2	1	1/8			1/8	1	89										
7	6	25	0.5	5/8	5/8	Chord	4/4	2	1	1/8			1/8	1	90										
7	6	51/2	0.5	3/4	3/4	Chord	4/4	2	1	1/8			1/8	1	91										
7	6	26	0.5	7/8	7/8	Chord	4/4	2	1	1/8			1/8	1	92										
8	7	53/2	0.5	0	0	Chord	4/4	1	1	1/8			1/8	1	93		ornamentShortTrill								
8	7	27	0.5	1/8	1/8	Chord	4/4	1	1	1/8			1/8	1	94										
8	7	55/2	1.5	1/4	1/4	Chord	4/4	1	1	3/8			1/4	3/2	95										
8	7	29	0.25	5/8	5/8	Chord	4/4	1	1	1/16			1/16	1	96										
8	7	117/4	0.25	11/16	11/16	Chord	4/4	1	1	1/16			1/16	1	97										
8	7	59/2	0.5	3/4	3/4	Chord	4/4	1	1	1/8			1/8	1	98										
8	7	30	0.25	7/8	7/8	Chord	4/4	1	1	1/16			1/16	1	99										
8	7	121/4	0.25	15/16	15/16	Chord	4/4	1	1	1/16			1/16	1	100										
8	7	53/2	0.0	0	0	FiguredBass	4/4	2	1	0											1/4	h3			
8	7	53/2	1.0	0	0	Chord	4/4	2	1	1/4			1/4	1	101										
8	7	28	0.0	3/8	3/8	FiguredBass	4/4	2	1	0											1/8	b3			
8	7	28	0.5	3/8	3/8	Chord	4/4	2	1	1/8			1/8	1	102										
8	7	57/2	0.0	1/2	1/2	FiguredBass	4/4	2	1	0											1/2	5/_			
8	7	57/2	0.5	1/2	1/2	Chord	4/4	2	1	1/8			1/8	1	103										
8	7	29	0.5	5/8	5/8	Chord	4/4	2	1	1/8			1/8	1	104										
8	7	59/2	0.5	3/4	3/4	Chord	4/4	2	1	1/8			1/8	1	105										
8	7	30	0.5	7/8	7/8	Chord	4/4	2	1	1/8			1/8	1	106										
9	8	61/2	0.5	0	0	Chord	4/4	1	1	1/8			1/8	1	107		ornamentShortTrill								
9	8	31	0.5	1/8	1/8	Chord	4/4	1	1	1/8			1/8	1	108										
9	8	63/2	1.5	1/4	1/4	Chord	4/4	1	1	3/8			1/4	3/2	109										
9	8	33	0.25	5/8	5/8	Chord	4/4	1	1	1/16			1/16	1	110										
9	8	133/4	0.25	11/16	11/16	Chord	4/4	1	1	1/16			1/16	1	111										
9	8	67/2	0.5	3/4	3/4	Chord	4/4	1	1	1/8			1/8	1	112										
9	8	34	0.25	7/8	7/8	Chord	4/4	1	1	1/16			1/16	1	113										
9	8	137/4	0.25	15/16	15/16	Chord	4/4	1	1	1/16			1/16	1	114										
9	8	61/2	0.0	0	0	FiguredBass	4/4	2	1	0											1/2	_			
9	8	61/2	1.0	0	0	Chord	4/4	2	1	1/4			1/4	1	115										
9	8	32	0.5	3/8	3/8	Chord	4/4	2	1	1/8			1/8	1	116										
9	8	65/2	0.0	1/2	1/2	FiguredBass	4/4	2	1	0											1/4	6_			
9	8	65/2	0.5	1/2	1/2	Chord	4/4	2	1	1/8			1/8	1	117										
9	8	33	0.5	5/8	5/8	Chord	4/4	2	1	1/8			1/8	1	118										
9	8	67/2	0.0	3/4	3/4	FiguredBass	4/4	2	1	0											1/4	5/_			
9	8	67/2	0.5	3/4	3/4	Chord	4/4	2	1	1/8			1/8	1	119										
9	8	34	0.5	7/8	7/8	Chord	4/4	2	1	1/8			1/8	1	120										
10	9	69/2	0.5	0	0	Chord	4/4	1	1	1/8			1/8	1	121		ornamentShortTrill								
10	9	35	0.5	1/8	1/8	Chord	4/4	1	1	1/8			1/8	1	122										
10	9	71/2	0.5	1/4	1/4	Chord	4/4	1	1	1/8			1/8	1	123										
10	9	36	0.5	3/8	3/8	Chord	4/4	1	1	1/8			1/8	1	124										
10	9	73/2	0.5	1/2	1/2	Chord	4/4	1	1	1/8			1/8	1	125										
10	9	37	0.25	5/8	5/8	Chord	4/4	1	1	1/16			1/16	1	126										
10	9	149/4	0.25	11/16	11/16	Chord	4/4	1	1	1/16			1/16	1	127										
10	9	75/2	0.75	3/4	3/4	Chord	4/4	1	1	3/16			1/8	3/2	128		ornamentShortTrill								
10	9	153/4	0.25	15/16	15/16	Chord	4/4	1	1	1/16			1/16	1	129										
10	9	69/2	0.0	0	0	FiguredBass	4/4	2	1	0											1/4	h3_			
10	9	69/2	0.5	0	0	Chord	4/4	2	1	1/8			1/8	1	130										
10	9	35	0.25	1/8	1/8	Chord	4/4	2	1	1/16			1/16	1	131										
10	9	141/4	0.25	3/16	3/16	Chord	4/4	2	1	1/16			1/16	1	132										
10	9	71/2	0.0	1/4	1/4	FiguredBass	4/4	2	1	0											1/4	6_			
10	9	71/2	0.5	1/4	1/4	Chord	4/4	2	1	1/8			1/8	1	133										
10	9	36	0.5	3/8	3/8	Chord	4/4	2	1	1/8			1/8	1	134										
10	9	73/2	0.0	1/2	1/2	FiguredBass	4/4	2	1	0											1/8	7	3	2	
10	9	73/2	0.5	1/2	1/2	Chord	4/4	2	1	1/8			1/8	1	135										
10	9	37	0.0	5/8	5/8	FiguredBass	4/4	2	1	0											1/8	3			
10	9	37	0.5	5/8	5/8	Chord	4/4	2	1	1/8			1/8	1	136										
10	9	75/2	0.0	3/4	3/4	FiguredBass	4/4	2	1	0											1/4	h3_			
10	9	75/2	0.5	3/4	3/4	Chord	4/4	2	1	1/8			1/8	1	137										
10	9	38	0.5	7/8	7/8	Chord	4/4	2	1	1/8			1/8	1	138										
11	10	77/2	0.5	0	0	Chord	4/4	1	1	1/8			1/8	1	139										
11	10	39	0.25	1/8	1/8	Chord	4/4	1	1	1/16			1/16	1	140										
11	10	157/4	0.25	3/16	3/16	Chord	4/4	1	1	1/16			1/16	1	141										
11	10	79/2	0.5	1/4	1/4	Chord	4/4	1	1	1/8			1/8	1	142		ornamentShortTrill								
11	10	40	0.25	3/8	3/8	Chord	4/4	1	1	1/16			1/16	1	143										
11	10	161/4	0.25	7/16	7/16	Chord	4/4	1	1	1/16			1/16	1	144										
11	10	81/2	1.0	1/2	1/2	Chord	4/4	1	1	1/4			1/4	1	145										
11	10	77/2	1.0	0	0	Chord	4/4	2	1	1/4			1/4	1	146										2
11	10	41	0.25	5/8	5/8	Chord	4/4	2	1	1/16			1/16	1	147										2
11	10	165/4	0.25	11/16	11/16	Chord	4/4	2	1	1/16			1/16	1	148										2
11	10	83/2	0.25	3/4	3/4	Chord	4/4	2	1	1/16			1/16	1	149		ornamentShortTrill								2
11	10	167/4	0.25	13/16	13/16	Chord	4/4	2	1	1/16			1/16	1	150										2
11	10	42	0.5	7/8	7/8	Chord	4/4	2	1	1/8			1/8	1	151										
12	11	85/2	1.5	0	0	Chord	4/4	2	1	3/8			1/4	3/2	152										
13	11	44	0.5	0	3/8	Chord	4/4	1	1	1/8			1/8	1	153										
13	11	89/2	0.5	1/8	1/2	Chord	4/4	1	1	1/8			1/8	1	154										
13	11	45	0.5	1/4	5/8	Chord	4/4	1	1	1/8			1/8	1	155										
13	11	91/2	1.0	3/8	3/4	Chord	4/4	1	1	1/4			1/4	1	156										
13	11	45	0.5	1/4	5/8	Chord	4/4	2	1	1/8			1/8	1	157										
13	11	91/2	0.0	3/8	3/4	FiguredBass	4/4	2	1	0											1/8	6			
13	11	91/2	0.5	3/8	3/4	Chord	4/4	2	1	1/8			1/8	1	158										
13	11	46	0.5	1/2	7/8	Chord	4/4	2	1	1/8			1/8	1	159										
14	12	93/2	0.5	0	0	Chord	4/4	1	1	1/8			1/8	1	160										
14	12	47	0.25	1/8	1/8	Chord	4/4	1	1	1/16			1/16	1	161										
14	12	189/4	0.25	3/16	3/16	Chord	4/4	1	1	1/16			1/16	1	162										
14	12	95/2	0.5	1/4	1/4	Chord	4/4	1	1	1/8			1/8	1	163										
14	12	48	0.5	3/8	3/8	Chord	4/4	1	1	1/8			1/8	1	164										
14	12	97/2	0.5	1/2	1/2	Chord	4/4	1	1	1/8			1/8	1	165										
14	12	49	0.5	5/8	5/8	Chord	4/4	1	1	1/8			1/8	1	166										
14	12	99/2	1.0	3/4	3/4	Chord	4/4	1	1	1/4			1/4	1	167										
14	12	93/2	1.0	0	0	Chord	4/4	2	1	1/4			1/4	1	168										
14	12	48	0.25	3/8	3/8	Chord	4/4	2	1	1/16			1/16	1	169										
14	12	193/4	0.25	7/16	7/16	Chord	4/4	2	1	1/16			1/16	1	170										
14	12	97/2	0.5	1/2	1/2	Chord	4/4	2	1	1/8			1/8	1	171										
14	12	49	0.5	5/8	5/8	Chord	4/4	2	1	1/8			1/8	1	172										
14	12	99/2	0.0	3/4	3/4	FiguredBass	4/4	2	1	0											1/8	6			
14	12	99/2	0.5	3/4	3/4	Chord	4/4	2	1	1/8			1/8	1	173										
14	12	50	0.5	7/8	7/8	Chord	4/4	2	1	1/8			1/8	1	174										
15	13	101/2	0.5	0	0	Chord	4/4	1	1	1/8			1/8	1	175										
15	13	51	0.25	1/8	1/8	Chord	4/4	1	1	1/16			1/16	1	176										
15	13	205/4	0.25	3/16	3/16	Chord	4/4	1	1	1/16			1/16	1	177										
15	13	103/2	0.5	1/4	1/4	Chord	4/4	1	1	1/8			1/8	1	178										
15	13	52	0.5	3/8	3/8	Chord	4/4	1	1	1/8			1/8	1	179										
15	13	105/2	0.5	1/2	1/2	Chord	4/4	1	1	1/8			1/8	1	180										
15	13	53	0.25	5/8	5/8	Chord	4/4	1	1	1/16			1/16	1	181										
15	13	213/4	0.25	11/16	11/16	Chord	4/4	1	1	1/16			1/16	1	182										
15	13	107/2	0.75	3/4	3/4	Chord	4/4	1	1	3/16			1/8	3/2	183		ornamentShortTrill								
15	13	217/4	0.25	15/16	15/16	Chord	4/4	1	1	1/16			1/16	1	184										
15	13	101/2	1.0	0	0	Chord	4/4	2	1	1/4			1/4	1	185										
15	13	52	0.25	3/8	3/8	Chord	4/4	2	1	1/16			1/16	1	186										
15	13	209/4	0.25	7/16	7/16	Chord	4/4	2	1	1/16			1/16	1	187										
15	13	105/2	0.0	1/2	1/2	FiguredBass	4/4	2	1	0											1/2	6_			
15	13	105/2	0.5	1/2	1/2	Chord	4/4	2	1	1/8			1/8	1	188										
15	13	53	0.25	5/8	5/8	Chord	4/4	2	1	1/16			1/16	1	189										
15	13	213/4	0.25	11/16	11/16	Chord	4/4	2	1	1/16			1/16	1	190										
15	13	107/2	0.5	3/4	3/4	Chord	4/4	2	1	1/8			1/8	1	191										
15	13	54	0.5	7/8	7/8	Chord	4/4	2	1	1/8			1/8	1	192										
16	14	109/2	0.5	0	0	Chord	4/4	1	1	1/8			1/8	1	193		ornamentShortTrill								
16	14	55	0.5	1/8	1/8	Chord	4/4	1	1	1/8			1/8	1	194										
16	14	56	0.25	3/8	3/8	Chord	4/4	1	1	1/16			1/16	1	195										
16	14	225/4	0.25	7/16	7/16	Chord	4/4	1	1	1/16			1/16	1	196										
16	14	113/2	0.5	1/2	1/2	Chord	4/4	1	1	1/8			1/8	1	197										
16	14	57	1.0	5/8	5/8	Chord	4/4	1	1	1/4			1/4	1	198										
16	14	58	0.5	7/8	7/8	Chord	4/4	1	1	1/8			1/8	1	199										
16	14	109/2	0.0	0	0	FiguredBass	4/4	2	1	0											1/4	h3_			
16	14	109/2	0.5	0	0	Chord	4/4	2	1	1/8			1/8	1	200										
16	14	55	0.25	1/8	1/8	Chord	4/4	2	1	1/16			1/16	1	201										
16	14	221/4	0.25	3/16	3/16	Chord	4/4	2	1	1/16			1/16	1	202										
16	14	111/2	0.0	1/4	1/4	FiguredBass	4/4	2	1	0											1/8	6			
16	14	111/2	0.5	1/4	1/4	Chord	4/4	2	1	1/8			1/8	1	203										
16	14	56	0.0	3/8	3/8	FiguredBass	4/4	2	1	0											1/8	7	h3		
16	14	56	0.5	3/8	3/8	Chord	4/4	2	1	1/8			1/8	1	204										
16	14	113/2	0.5	1/2	1/2	Chord	4/4	2	1	1/8			1/8	1	205										
16	14	57	0.0	5/8	5/8	FiguredBass	4/4	2	1	0											1/16	6	4		
16	14	57	0.5	5/8	5/8	Chord	4/4	2	1	1/8			1/8	1	206										
16	14	229/4	0.0	11/16	11/16	FiguredBass	4/4	2	1	0											1/16	7			
16	14	115/2	0.0	3/4	3/4	FiguredBass	4/4	2	1	0											1/4	6	4+	3	
16	14	115/2	1.0	3/4	3/4	Chord	4/4	2	1	1/4			1/4	1	207										
17	15	117/2	0.5	0	0	Chord	4/4	1	1	1/8			1/8	1	208										
17	15	59	1.0	1/8	1/8	Chord	4/4	1	1	1/4			1/4	1	209										
17	15	60	0.5	3/8	3/8	Chord	4/4	1	1	1/8			1/8	1	210										
17	15	121/2	0.5	1/2	1/2	Chord	4/4	1	1	1/8			1/8	1	211										
17	15	61	0.25	5/8	5/8	Chord	4/4	1	1	1/16			1/16	1	212		ornamentShortTrill								
17	15	245/4	0.25	11/16	11/16	Chord	4/4	1	1	1/16			1/16	1	213										
17	15	123/2	0.75	3/4	3/4	Chord	4/4	1	1	3/16			1/8	3/2	214		ornamentShortTrill								
17	15	249/4	0.25	15/16	15/16	Chord	4/4	1	1	1/16			1/16	1	215										
17	15	117/2	0.0	0	0	FiguredBass	4/4	2	1	0											1/8	7	#3		
17	15	117/2	1.0	0	0	Chord	4/4	2	1	1/4			1/4	1	216										
17	15	59	0.0	1/8	1/8	FiguredBass	4/4	2	1	0											1/8	6	4		
17	15	119/2	0.0	1/4	1/4	FiguredBass	4/4	2	1	0											1/8	7			
17	15	119/2	1.0	1/4	1/4	Chord	4/4	2	1	1/4			1/4	1	217										
17	15	60	0.0	3/8	3/8	FiguredBass	4/4	2	1	0											1/8	6	4+	2	
17	15	121/2	0.0	1/2	1/2	FiguredBass	4/4	2	1	0											1/8	6			
17	15	121/2	0.5	1/2	1/2	Chord	4/4	2	1	1/8			1/8	1	218										
17	15	61	0.0	5/8	5/8	FiguredBass	4/4	2	1	0											1/8	6	5		
17	15	61	0.5	5/8	5/8	Chord	4/4	2	1	1/8			1/8	1	219										
17	15	123/2	0.0	3/4	3/4	FiguredBass	4/4	2	1	0											1/4	h3_			
17	15	123/2	0.5	3/4	3/4	Chord	4/4	2	1	1/8			1/8	1	220										
17	15	62	0.5	7/8	7/8	Chord	4/4	2	1	1/8			1/8	1	221										
18	16	125/2	1.0	0	0	Chord	4/4	1	1	1/4			1/4	1	222										
18	16	64	0.25	3/8	3/8	Chord	4/4	1	1	1/16			1/16	1	223										
18	16	257/4	0.25	7/16	7/16	Chord	4/4	1	1	1/16			1/16	1	224										
18	16	129/2	0.5	1/2	1/2	Chord	4/4	1	1	1/8			1/8	1	225		ornamentShortTrill								
18	16	65	0.5	5/8	5/8	Chord	4/4	1	1	1/8			1/8	1	226										
18	16	131/2	0.5	3/4	3/4	Chord	4/4	1	1	1/8			1/8	1	227										
18	16	66	0.5	7/8	7/8	Chord	4/4	1	1	1/8			1/8	1	228										
18	16	125/2	0.0	0	0	FiguredBass	4/4	2	1	0											1/2	h3_			
18	16	125/2	0.5	0	0	Chord	4/4	2	1	1/8			1/8	1	229										
18	16	63	0.25	1/8	1/8	Chord	4/4	2	1	1/16			1/16	1	230										
18	16	253/4	0.25	3/16	3/16	Chord	4/4	2	1	1/16			1/16	1	231										
18	16	127/2	0.5	1/4	1/4	Chord	4/4	2	1	1/8			1/8	1	232										
18	16	64	0.5	3/8	3/8	Chord	4/4	2	1	1/8			1/8	1	233										
18	16	129/2	0.0	1/2	1/2	FiguredBass	4/4	2	1	0											1/8	h3			
18	16	129/2	0.5	1/2	1/2	Chord	4/4	2	1	1/8			1/8	1	234										
18	16	65	0.25	5/8	5/8	Chord	4/4	2	1	1/16			1/16	1	235										
18	16	261/4	0.25	11/16	11/16	Chord	4/4	2	1	1/16			1/16	1	236										
18	16	131/2	0.0	3/4	3/4	FiguredBass	4/4	2	1	0											1/8	6			
18	16	131/2	0.5	3/4	3/4	Chord	4/4	2	1	1/8			1/8	1	237										
18	16	66	0.0	7/8	7/8	FiguredBass	4/4	2	1	0											1/8	h3			
18	16	66	0.5	7/8	7/8	Chord	4/4	2	1	1/8			1/8	1	238										
19	17	133/2	0.0	0	0	Chord	4/4	1	1	0	appoggiatura		1/8	1	239										
19	17	133/2	0.5	0	0	Chord	4/4	1	1	1/8			1/8	1	240										
19	17	67	0.0	1/8	1/8	Chord	4/4	1	1	0	appoggiatura		1/8	1	241										
19	17	67	0.5	1/8	1/8	Chord	4/4	1	1	1/8			1/8	1	242										
19	17	68	0.25	3/8	3/8	Chord	4/4	1	1	1/16			1/16	1	243										
19	17	273/4	0.25	7/16	7/16	Chord	4/4	1	1	1/16			1/16	1	244										
19	17	137/2	0.5	1/2	1/2	Chord	4/4	1	1	1/8			1/8	1	245		ornamentShortTrill								
19	17	69	0.5	5/8	5/8	Chord	4/4	1	1	1/8			1/8	1	246										
19	17	139/2	0.5	3/4	3/4	Chord	4/4	1	1	1/8			1/8	1	247										
19	17	70	0.5	7/8	7/8	Chord	4/4	1	1	1/8			1/8	1	248										
19	17	133/2	0.5	0	0	Chord	4/4	2	1	1/8			1/8	1	249										
19	17	67	0.25	1/8	1/8	Chord	4/4	2	1	1/16			1/16	1	250										
19	17	269/4	0.25	3/16	3/16	Chord	4/4	2	1	1/16			1/16	1	251										
19	17	135/2	0.0	1/4	1/4	FiguredBass	4/4	2	1	0											1/8	6			
19	17	135/2	0.5	1/4	1/4	Chord	4/4	2	1	1/8			1/8	1	252										
19	17	68	0.0	3/8	3/8	FiguredBass	4/4	2	1	0											1/8	h3			
19	17	68	0.5	3/8	3/8	Chord	4/4	2	1	1/8			1/8	1	253										
19	17	137/2	0.0	1/2	1/2	FiguredBass	4/4	2	1	0											1/2	_			
19	17	137/2	0.5	1/2	1/2	Chord	4/4	2	1	1/8			1/8	1	254										
19	17	69	0.25	5/8	5/8	Chord	4/4	2	1	1/16			1/16	1	255										
19	17	277/4	0.25	11/16	11/16	Chord	4/4	2	1	1/16			1/16	1	256										
19	17	139/2	0.5	3/4	3/4	Chord	4/4	2	1	1/8			1/8	1	257										
19	17	70	0.5	7/8	7/8	Chord	4/4	2	1	1/8			1/8	1	258										
20	18	141/2	0.5	0	0	Chord	4/4	1	1	1/8			1/8	1	259		ornamentShortTrill								
20	18	71	0.5	1/8	1/8	Chord	4/4	1	1	1/8			1/8	1	260										
20	18	72	0.25	3/8	3/8	Chord	4/4	1	1	1/16			1/16	1	261										
20	18	289/4	0.25	7/16	7/16	Chord	4/4	1	1	1/16			1/16	1	262										
20	18	145/2	0.5	1/2	1/2	Chord	4/4	1	1	1/8			1/8	1	263										
20	18	73	0.5	5/8	5/8	Chord	4/4	1	1	1/8			1/8	1	264										
20	18	147/2	0.75	3/4	3/4	Chord	4/4	1	1	3/16			1/8	3/2	265										
20	18	297/4	0.25	15/16	15/16	Chord	4/4	1	1	1/16			1/16	1	266										
20	18	141/2	0.0	0	0	FiguredBass	4/4	2	1	0											1/2	_			
20	18	141/2	0.5	0	0	Chord	4/4	2	1	1/8			1/8	1	267										
20	18	71	0.25	1/8	1/8	Chord	4/4	2	1	1/16			1/16	1	268										
20	18	285/4	0.25	3/16	3/16	Chord	4/4	2	1	1/16			1/16	1	269										
20	18	143/2	0.25	1/4	1/4	Chord	4/4	2	1	1/16			1/16	1	270										
20	18	287/4	0.25	5/16	5/16	Chord	4/4	2	1	1/16			1/16	1	271										
20	18	72	0.25	3/8	3/8	Chord	4/4	2	1	1/16			1/16	1	272										
20	18	289/4	0.25	7/16	7/16	Chord	4/4	2	1	1/16			1/16	1	273										
20	18	145/2	0.5	1/2	1/2	Chord	4/4	2	1	1/8			1/8	1	274										
20	18	73	0.25	5/8	5/8	Chord	4/4	2	1	1/16			1/16	1	275										
20	18	293/4	0.25	11/16	11/16	Chord	4/4	2	1	1/16			1/16	1	276										
20	18	147/2	0.25	3/4	3/4	Chord	4/4	2	1	1/16			1/16	1	277										
20	18	295/4	0.25	13/16	13/16	Chord	4/4	2	1	1/16			1/16	1	278										
20	18	74	0.25	7/8	7/8	Chord	4/4	2	1	1/16			1/16	1	279										
20	18	297/4	0.25	15/16	15/16	Chord	4/4	2	1	1/16			1/16	1	280										
21	19	149/2	0.5	0	0	Chord	4/4	1	1	1/8			1/8	1	281		ornamentShortTrill								
21	19	75	0.5	1/8	1/8	Chord	4/4	1	1	1/8			1/8	1	282										
21	19	151/2	0.75	1/4	1/4	Chord	4/4	1	1	3/16			1/8	3/2	283										
21	19	305/4	0.25	7/16	7/16	Chord	4/4	1	1	1/16			1/16	1	284										
21	19	153/2	0.25	1/2	1/2	Chord	4/4	1	1	1/16			1/16	1	285										
21	19	307/4	0.25	9/16	9/16	Chord	4/4	1	1	1/16			1/16	1	286										
21	19	77	0.25	5/8	5/8	Chord	4/4	1	1	1/16			1/16	1	287										
21	19	309/4	0.25	11/16	11/16	Chord	4/4	1	1	1/16			1/16	1	288										
21	19	155/2	0.75	3/4	3/4	Chord	4/4	1	1	3/16			1/8	3/2	289		ornamentShortTrill								
21	19	313/4	0.25	15/16	15/16	Chord	4/4	1	1	1/16			1/16	1	290										
21	19	149/2	0.0	0	0	FiguredBass	4/4	2	1	0											1/4	h3_			
21	19	149/2	0.25	0	0	Chord	4/4	2	1	1/16			1/16	1	291										
21	19	299/4	0.25	1/16	1/16	Chord	4/4	2	1	1/16			1/16	1	292										
21	19	75	0.25	1/8	1/8	Chord	4/4	2	1	1/16			1/16	1	293										
21	19	301/4	0.25	3/16	3/16	Chord	4/4	2	1	1/16			1/16	1	294										
21	19	151/2	0.0	1/4	1/4	FiguredBass	4/4	2	1	0											1/4	6_			
21	19	151/2	0.25	1/4	1/4	Chord	4/4	2	1	1/16			1/16	1	295										
21	19	303/4	0.25	5/16	5/16	Chord	4/4	2	1	1/16			1/16	1	296										
21	19	76	0.25	3/8	3/8	Chord	4/4	2	1	1/16			1/16	1	297										
21	19	305/4	0.25	7/16	7/16	Chord	4/4	2	1	1/16			1/16	1	298										
21	19	153/2	0.0	1/2	1/2	FiguredBass	4/4	2	1	0											1/4	_			
21	19	153/2	0.5	1/2	1/2	Chord	4/4	2	1	1/8			1/8	1	299										
21	19	77	0.5	5/8	5/8	Chord	4/4	2	1	1/8			1/8	1	300										
21	19	155/2	0.0	3/4	3/4	FiguredBass	4/4	2	1	0											1/8	h3			
21	19	155/2	0.5	3/4	3/4	Chord	4/4	2	1	1/8			1/8	1	301										
21	19	78	0.5	7/8	7/8	Chord	4/4	2	1	1/8			1/8	1	302										
22	20	157/2	1.0	0	0	Chord	4/4	1	1	1/4			1/4	1	303										
22	20	80	0.25	3/8	3/8	Chord	4/4	1	1	1/16			1/16	1	304										
22	20	321/4	0.25	7/16	7/16	Chord	4/4	1	1	1/16			1/16	1	305										
22	20	161/2	0.5	1/2	1/2	Chord	4/4	1	1	1/8			1/8	1	306										
22	20	81	0.5	5/8	5/8	Chord	4/4	1	1	1/8			1/8	1	307										
22	20	163/2	0.5	3/4	3/4	Chord	4/4	1	1	1/8			1/8	1	308										
22	20	82	0.25	7/8	7/8	Chord	4/4	1	1	1/16			1/16	1	309										
22	20	329/4	0.25	15/16	15/16	Chord	4/4	1	1	1/16			1/16	1	310										
22	20	157/2	0.5	0	0	Chord	4/4	2	1	1/8			1/8	1	311										
22	20	79	0.25	1/8	1/8	Chord	4/4	2	1	1/16			1/16	1	312										
22	20	317/4	0.25	3/16	3/16	Chord	4/4	2	1	1/16			1/16	1	313										
22	20	159/2	0.0	1/4	1/4	FiguredBass	4/4	2	1	0											1/8	6			
22	20	159/2	0.5	1/4	1/4	Chord	4/4	2	1	1/8			1/8	1	314										
22	20	80	0.0	3/8	3/8	FiguredBass	4/4	2	1	0											1/8	3			
22	20	80	0.5	3/8	3/8	Chord	4/4	2	1	1/8			1/8	1	315										
22	20	161/2	0.5	1/2	1/2	Chord	4/4	2	1	1/8			1/8	1	316										
22	20	81	0.25	5/8	5/8	Chord	4/4	2	1	1/16			1/16	1	317										
22	20	325/4	0.25	11/16	11/16	Chord	4/4	2	1	1/16			1/16	1	318										
22	20	163/2	0.5	3/4	3/4	Chord	4/4	2	1	1/8			1/8	1	319										
22	20	82	0.5	7/8	7/8	Chord	4/4	2	1	1/8			1/8	1	320										
23	21	165/2	0.25	0	0	Chord	4/4	1	1	1/16			1/16	1	321										
23	21	331/4	0.25	1/16	1/16	Chord	4/4	1	1	1/16			1/16	1	322										
23	21	83	0.25	1/8	1/8	Chord	4/4	1	1	1/16			1/16	1	323										
23	21	333/4	0.25	3/16	3/16	Chord	4/4	1	1	1/16			1/16	1	324										
23	21	167/2	0.5	1/4	1/4	Chord	4/4	1	1	1/8			1/8	1	325										
23	21	84	0.25	3/8	3/8	Chord	4/4	1	1	1/16			1/16	1	326										
23	21	337/4	0.25	7/16	7/16	Chord	4/4	1	1	1/16			1/16	1	327										
23	21	169/2	0.5	1/2	1/2	Chord	4/4	1	1	1/8			1/8	1	328										
23	21	85	0.5	5/8	5/8	Chord	4/4	1	1	1/8			1/8	1	329										
23	21	171/2	0.5	3/4	3/4	Chord	4/4	1	1	1/8			1/8	1	330										
23	21	86	0.25	7/8	7/8	Chord	4/4	1	1	1/16			1/16	1	331										
23	21	345/4	0.25	15/16	15/16	Chord	4/4	1	1	1/16			1/16	1	332										
23	21	165/2	0.5	0	0	Chord	4/4	2	1	1/8			1/8	1	333										
23	21	83	0.5	1/8	1/8	Chord	4/4	2	1	1/8			1/8	1	334										
23	21	167/2	0.5	1/4	1/4	Chord	4/4	2	1	1/8			1/8	1	335										
23	21	84	0.5	3/8	3/8	Chord	4/4	2	1	1/8			1/8	1	336										
23	21	169/2	0.0	1/2	1/2	FiguredBass	4/4	2	1	0											1/4	h3_			
23	21	85	0.25	5/8	5/8	Chord	4/4	2	1	1/16			1/16	1	337										
23	21	341/4	0.25	11/16	11/16	Chord	4/4	2	1	1/16			1/16	1	338										
23	21	171/2	0.0	3/4	3/4	FiguredBass	4/4	2	1	0											1/8	6			
23	21	171/2	0.5	3/4	3/4	Chord	4/4	2	1	1/8			1/8	1	339										
23	21	86	0.0	7/8	7/8	FiguredBass	4/4	2	1	0											1/8	h3			
23	21	86	0.5	7/8	7/8	Chord	4/4	2	1	1/8			1/8	1	340										
24	22	173/2	0.25	0	0	Chord	4/4	1	1	1/16			1/16	1	341										
24	22	347/4	0.25	1/16	1/16	Chord	4/4	1	1	1/16			1/16	1	342										
24	22	87	0.25	1/8	1/8	Chord	4/4	1	1	1/16			1/16	1	343										
24	22	349/4	0.25	3/16	3/16	Chord	4/4	1	1	1/16			1/16	1	344										
24	22	175/2	0.5	1/4	1/4	Chord	4/4	1	1	1/8			1/8	1	345										
24	22	88	0.25	3/8	3/8	Chord	4/4	1	1	1/16			1/16	1	346										
24	22	353/4	0.25	7/16	7/16	Chord	4/4	1	1	1/16			1/16	1	347										
24	22	177/2	0.5	1/2	1/2	Chord	4/4	1	1	1/8			1/8	1	348										
24	22	89	0.5	5/8	5/8	Chord	4/4	1	1	1/8			1/8	1	349										
24	22	179/2	0.5	3/4	3/4	Chord	4/4	1	1	1/8			1/8	1	350										
24	22	90	0.5	7/8	7/8	Chord	4/4	1	1	1/8			1/8	1	351										
24	22	173/2	0.25	0	0	Chord	4/4	2	1	1/16			1/16	1	352										
24	22	347/4	0.25	1/16	1/16	Chord	4/4	2	1	1/16			1/16	1	353										
24	22	87	0.25	1/8	1/8	Chord	4/4	2	1	1/16			1/16	1	354										
24	22	349/4	0.25	3/16	3/16	Chord	4/4	2	1	1/16			1/16	1	355										
24	22	175/2	0.0	1/4	1/4	FiguredBass	4/4	2	1	0											1/4	6_			
24	22	175/2	0.5	1/4	1/4	Chord	4/4	2	1	1/8			1/8	1	356										
24	22	88	0.5	3/8	3/8	Chord	4/4	2	1	1/8			1/8	1	357										
24	22	177/2	0.5	1/2	1/2	Chord	4/4	2	1	1/8			1/8	1	358										
24	22	89	0.0	5/8	5/8	FiguredBass	4/4	2	1	0											1/8	6			
24	22	89	0.5	5/8	5/8	Chord	4/4	2	1	1/8			1/8	1	359										
24	22	179/2	0.0	3/4	3/4	FiguredBass	4/4	2	1	0											1/8	6			
24	22	179/2	0.5	3/4	3/4	Chord	4/4	2	1	1/8			1/8	1	360										
24	22	90	0.5	7/8	7/8	Chord	4/4	2	1	1/8			1/8	1	361										
25	23	181/2	1.0	0	0	Chord	4/4	1	1	1/4			1/4	1	362		ornamentShortTrill								
25	23	92	0.25	3/8	3/8	Chord	4/4	1	1	1/16			1/16	1	363										
25	23	369/4	0.25	7/16	7/16	Chord	4/4	1	1	1/16			1/16	1	364										
25	23	185/2	0.5	1/2	1/2	Chord	4/4	1	1	1/8			1/8	1	365										
25	23	93	0.5	5/8	5/8	Chord	4/4	1	1	1/8			1/8	1	366										
25	23	187/2	0.5	3/4	3/4	Chord	4/4	1	1	1/8			1/8	1	367										
25	23	94	0.25	7/8	7/8	Chord	4/4	1	1	1/16			1/16	1	368										
25	23	377/4	0.25	15/16	15/16	Chord	4/4	1	1	1/16			1/16	1	369										
25	23	181/2	0.5	0	0	Chord	4/4	2	1	1/8			1/8	1	370										
25	23	91	0.25	1/8	1/8	Chord	4/4	2	1	1/16			1/16	1	371										
25	23	365/4	0.25	3/16	3/16	Chord	4/4	2	1	1/16			1/16	1	372										
25	23	183/2	0.0	1/4	1/4	FiguredBass	4/4	2	1	0											1/4	6_			
25	23	183/2	0.5	1/4	1/4	Chord	4/4	2	1	1/8			1/8	1	373										
25	23	92	0.5	3/8	3/8	Chord	4/4	2	1	1/8			1/8	1	374										
25	23	185/2	0.0	1/2	1/2	FiguredBass	4/4	2	1	0											1/4	5_			
25	23	185/2	0.5	1/2	1/2	Chord	4/4	2	1	1/8			1/8	1	375										
25	23	93	0.25	5/8	5/8	Chord	4/4	2	1	1/16			1/16	1	376										
25	23	373/4	0.25	11/16	11/16	Chord	4/4	2	1	1/16			1/16	1	377										
25	23	187/2	0.0	3/4	3/4	FiguredBass	4/4	2	1	0											1/4	6	5_		
25	23	187/2	0.5	3/4	3/4	Chord	4/4	2	1	1/8			1/8	1	378										
25	23	94	0.5	7/8	7/8	Chord	4/4	2	1	1/8			1/8	1	379										
26	24	189/2	0.5	0	0	Chord	4/4	1	1	1/8			1/8	1	380		ornamentShortTrill								
26	24	95	0.5	1/8	1/8	Chord	4/4	1	1	1/8			1/8	1	381										
26	24	191/2	0.5	1/4	1/4	Chord	4/4	1	1	1/8			1/8	1	382										
26	24	96	0.25	3/8	3/8	Chord	4/4	1	1	1/16			1/16	1	383										
26	24	385/4	0.25	7/16	7/16	Chord	4/4	1	1	1/16			1/16	1	384										
26	24	193/2	0.5	1/2	1/2	Chord	4/4	1	1	1/8			1/8	1	385		ornamentShortTrill								
26	24	97	0.5	5/8	5/8	Chord	4/4	1	1	1/8			1/8	1	386										
26	24	195/2	0.5	3/4	3/4	Chord	4/4	1	1	1/8			1/8	1	387										
26	24	98	0.25	7/8	7/8	Chord	4/4	1	1	1/16			1/16	1	388										
26	24	393/4	0.25	15/16	15/16	Chord	4/4	1	1	1/16			1/16	1	389										
26	24	189/2	0.5	0	0	Chord	4/4	2	1	1/8			1/8	1	390										
26	24	95	0.25	1/8	1/8	Chord	4/4	2	1	1/16			1/16	1	391										
26	24	381/4	0.25	3/16	3/16	Chord	4/4	2	1	1/16			1/16	1	392										
26	24	191/2	0.0	1/4	1/4	FiguredBass	4/4	2	1	0											1/4	6_			
26	24	191/2	0.5	1/4	1/4	Chord	4/4	2	1	1/8			1/8	1	393										
26	24	96	0.5	3/8	3/8	Chord	4/4	2	1	1/8			1/8	1	394										
26	24	193/2	0.5	1/2	1/2	Chord	4/4	2	1	1/8			1/8	1	395										
26	24	97	0.25	5/8	5/8	Chord	4/4	2	1	1/16			1/16	1	396										
26	24	389/4	0.25	11/16	11/16	Chord	4/4	2	1	1/16			1/16	1	397										
26	24	195/2	0.0	3/4	3/4	FiguredBass	4/4	2	1	0											1/4	6_			
26	24	195/2	0.5	3/4	3/4	Chord	4/4	2	1	1/8			1/8	1	398										
26	24	98	0.5	7/8	7/8	Chord	4/4	2	1	1/8			1/8	1	399										
27	25	197/2	0.5	0	0	Chord	4/4	1	1	1/8			1/8	1	400		ornamentShortTrill								
27	25	99	0.5	1/8	1/8	Chord	4/4	1	1	1/8			1/8	1	401										
27	25	199/2	0.5	1/4	1/4	Chord	4/4	1	1	1/8			1/8	1	402										
27	25	100	0.25	3/8	3/8	Chord	4/4	1	1	1/16			1/16	1	403										
27	25	401/4	0.25	7/16	7/16	Chord	4/4	1	1	1/16			1/16	1	404										
27	25	201/2	0.25	1/2	1/2	Chord	4/4	1	1	1/16			1/16	1	405										
27	25	403/4	0.25	9/16	9/16	Chord	4/4	1	1	1/16			1/16	1	406										
27	25	101	0.25	5/8	5/8	Chord	4/4	1	1	1/16			1/16	1	407										
27	25	405/4	0.25	11/16	11/16	Chord	4/4	1	1	1/16			1/16	1	408										
27	25	203/2	0.75	3/4	3/4	Chord	4/4	1	1	3/16			1/8	3/2	409		ornamentShortTrill								
27	25	409/4	0.25	15/16	15/16	Chord	4/4	1	1	1/16			1/16	1	410										
27	25	197/2	0.0	0	0	FiguredBass	4/4	2	1	0											1/2	5/_			
27	25	197/2	0.5	0	0	Chord	4/4	2	1	1/8			1/8	1	411										
27	25	99	0.25	1/8	1/8	Chord	4/4	2	1	1/16			1/16	1	412										
27	25	397/4	0.25	3/16	3/16	Chord	4/4	2	1	1/16			1/16	1	413										
27	25	199/2	0.5	1/4	1/4	Chord	4/4	2	1	1/8			1/8	1	414										
27	25	100	0.5	3/8	3/8	Chord	4/4	2	1	1/8			1/8	1	415										
27	25	201/2	0.0	1/2	1/2	FiguredBass	4/4	2	1	0											1/4	3_			
27	25	201/2	0.5	1/2	1/2	Chord	4/4	2	1	1/8			1/8	1	416										
27	25	101	0.5	5/8	5/8	Chord	4/4	2	1	1/8			1/8	1	417										
27	25	203/2	0.0	3/4	3/4	FiguredBass	4/4	2	1	0											1/4	3_			
27	25	203/2	0.5	3/4	3/4	Chord	4/4	2	1	1/8			1/8	1	418										
27	25	102	0.0	7/8	7/8	FiguredBass	4/4	2	1	0											1/8	7			
27	25	102	0.5	7/8	7/8	Chord	4/4	2	1	1/8			1/8	1	419										
28	26	205/2	0.5	0	0	Chord	4/4	1	1	1/8			1/8	1	420										
28	26	103	0.25	1/8	1/8	Chord	4/4	1	1	1/16			1/16	1	421										
28	26	413/4	0.25	3/16	3/16	Chord	4/4	1	1	1/16			1/16	1	422										
28	26	207/2	0.5	1/4	1/4	Chord	4/4	1	1	1/8			1/8	1	423										
28	26	104	0.5	3/8	3/8	Chord	4/4	1	1	1/8			1/8	1	424										
28	26	209/2	0.5	1/2	1/2	Chord	4/4	1	1	1/8			1/8	1	425										
28	26	105	0.25	5/8	5/8	Chord	4/4	1	1	1/16			1/16	1	426										
28	26	421/4	0.25	11/16	11/16	Chord	4/4	1	1	1/16			1/16	1	427										
28	26	211/2	0.5	3/4	3/4	Chord	4/4	1	1	1/8			1/8	1	428										
28	26	106	0.5	7/8	7/8	Chord	4/4	1	1	1/8			1/8	1	429										
28	26	205/2	0.0	0	0	FiguredBass	4/4	2	1	0											1/2	_			
28	26	205/2	1.0	0	0	Chord	4/4	2	1	1/4			1/4	1	430										
28	26	104	0.25	3/8	3/8	Chord	4/4	2	1	1/16			1/16	1	431										
28	26	417/4	0.25	7/16	7/16	Chord	4/4	2	1	1/16			1/16	1	432										
28	26	209/2	0.0	1/2	1/2	FiguredBass	4/4	2	1	0											1/4	5/_			
28	26	209/2	0.25	1/2	1/2	Chord	4/4	2	1	1/16			1/16	1	433										
28	26	419/4	0.25	9/16	9/16	Chord	4/4	2	1	1/16			1/16	1	434										
28	26	105	0.25	5/8	5/8	Chord	4/4	2	1	1/16			1/16	1	435										
28	26	421/4	0.25	11/16	11/16	Chord	4/4	2	1	1/16			1/16	1	436										
28	26	211/2	0.0	3/4	3/4	FiguredBass	4/4	2	1	0											1/4	b7_			
28	26	211/2	0.5	3/4	3/4	Chord	4/4	2	1	1/8			1/8	1	437										
28	26	106	0.25	7/8	7/8	Chord	4/4	2	1	1/16			1/16	1	438										
28	26	425/4	0.25	15/16	15/16	Chord	4/4	2	1	1/16			1/16	1	439										
29	27	213/2	0.5	0	0	Chord	4/4	1	1	1/8			1/8	1	440										
29	27	107	0.25	1/8	1/8	Chord	4/4	1	1	1/16			1/16	1	441										
29	27	429/4	0.25	3/16	3/16	Chord	4/4	1	1	1/16			1/16	1	442										
29	27	215/2	0.5	1/4	1/4	Chord	4/4	1	1	1/8			1/8	1	443										
29	27	108	0.5	3/8	3/8	Chord	4/4	1	1	1/8			1/8	1	444										
29	27	217/2	0.5	1/2	1/2	Chord	4/4	1	1	1/8			1/8	1	445										
29	27	109	1.0	5/8	5/8	Chord	4/4	1	1	1/4			1/4	1	446										
29	27	110	0.5	7/8	7/8	Chord	4/4	1	1	1/8			1/8	1	447		ornamentShortTrill								
29	27	213/2	0.0	0	0	FiguredBass	4/4	2	1	0											1/4	5/_			
29	27	213/2	0.25	0	0	Chord	4/4	2	1	1/16			1/16	1	448										
29	27	427/4	0.25	1/16	1/16	Chord	4/4	2	1	1/16			1/16	1	449										
29	27	107	0.25	1/8	1/8	Chord	4/4	2	1	1/16			1/16	1	450										
29	27	429/4	0.25	3/16	3/16	Chord	4/4	2	1	1/16			1/16	1	451										
29	27	215/2	0.0	1/4	1/4	FiguredBass	4/4	2	1	0											1/4	b7_			
29	27	215/2	0.25	1/4	1/4	Chord	4/4	2	1	1/16			1/16	1	452										
29	27	431/4	0.25	5/16	5/16	Chord	4/4	2	1	1/16			1/16	1	453										
29	27	108	0.25	3/8	3/8	Chord	4/4	2	1	1/16			1/16	1	454										
29	27	433/4	0.25	7/16	7/16	Chord	4/4	2	1	1/16			1/16	1	455										
29	27	217/2	0.0	1/2	1/2	FiguredBass	4/4	2	1	0											1/4	3_			
29	27	217/2	0.5	1/2	1/2	Chord	4/4	2	1	1/8			1/8	1	456										
29	27	109	0.5	5/8	5/8	Chord	4/4	2	1	1/8			1/8	1	457										
29	27	219/2	0.0	3/4	3/4	FiguredBass	4/4	2	1	0											1/8	5	4		
29	27	219/2	0.5	3/4	3/4	Chord	4/4	2	1	1/8			1/8	1	458										
29	27	110	0.0	7/8	7/8	FiguredBass	4/4	2	1	0											1/8	3_			
29	27	110	0.25	7/8	7/8	Chord	4/4	2	1	1/16			1/16	1	459										
29	27	441/4	0.25	15/16	15/16	Chord	4/4	2	1	1/16			1/16	1	460										
30	28	221/2	0.5	0	0	Chord	4/4	1	1	1/8			1/8	1	461										
30	28	111	0.25	1/8	1/8	Chord	4/4	1	1	1/16			1/16	1	462										
30	28	445/4	0.25	3/16	3/16	Chord	4/4	1	1	1/16			1/16	1	463										
30	28	223/2	0.5	1/4	1/4	Chord	4/4	1	1	1/8			1/8	1	464										
30	28	112	0.5	3/8	3/8	Chord	4/4	1	1	1/8			1/8	1	465										
30	28	225/2	0.5	1/2	1/2	Chord	4/4	1	1	1/8			1/8	1	466										
30	28	113	0.25	5/8	5/8	Chord	4/4	1	1	1/16			1/16	1	467										
30	28	453/4	0.25	11/16	11/16	Chord	4/4	1	1	1/16			1/16	1	468										
30	28	227/2	0.5	3/4	3/4	Chord	4/4	1	1	1/8			1/8	1	469										
30	28	114	0.5	7/8	7/8	Chord	4/4	1	1	1/8			1/8	1	470										
30	28	221/2	0.0	0	0	FiguredBass	4/4	2	1	0											1/2	6_			
30	28	221/2	0.5	0	0	Chord	4/4	2	1	1/8			1/8	1	471										
30	28	111	0.5	1/8	1/8	Chord	4/4	2	1	1/8			1/8	1	472										
30	28	112	0.25	3/8	3/8	Chord	4/4	2	1	1/16			1/16	1	473										
30	28	449/4	0.25	7/16	7/16	Chord	4/4	2	1	1/16			1/16	1	474										
30	28	225/2	0.0	1/2	1/2	FiguredBass	4/4	2	1	0											1/4	5/_			
30	28	225/2	0.25	1/2	1/2	Chord	4/4	2	1	1/16			1/16	1	475										
30	28	451/4	0.25	9/16	9/16	Chord	4/4	2	1	1/16			1/16	1	476										
30	28	113	0.25	5/8	5/8	Chord	4/4	2	1	1/16			1/16	1	477										
30	28	453/4	0.25	11/16	11/16	Chord	4/4	2	1	1/16			1/16	1	478										
30	28	227/2	0.0	3/4	3/4	FiguredBass	4/4	2	1	0											1/4	7	h3_		
30	28	227/2	0.5	3/4	3/4	Chord	4/4	2	1	1/8			1/8	1	479										
30	28	114	0.25	7/8	7/8	Chord	4/4	2	1	1/16			1/16	1	480										
30	28	457/4	0.25	15/16	15/16	Chord	4/4	2	1	1/16			1/16	1	481										
31	29	229/2	0.5	0	0	Chord	4/4	1	1	1/8			1/8	1	482										
31	29	115	0.25	1/8	1/8	Chord	4/4	1	1	1/16			1/16	1	483										
31	29	461/4	0.25	3/16	3/16	Chord	4/4	1	1	1/16			1/16	1	484										
31	29	231/2	0.5	1/4	1/4	Chord	4/4	1	1	1/8			1/8	1	485		ornamentShortTrill								
31	29	116	0.5	3/8	3/8	Chord	4/4	1	1	1/8			1/8	1	486										
31	29	233/2	0.5	1/2	1/2	Chord	4/4	1	1	1/8			1/8	1	487	I									
31	29	117	1.0	5/8	5/8	Chord	4/4	1	1	1/4			1/4	1	488										
31	29	118	0.5	7/8	7/8	Chord	4/4	1	1	1/8			1/8	1	489										
31	29	229/2	0.0	0	0	FiguredBass	4/4	2	1	0											1/4	5/_			
31	29	229/2	0.25	0	0	Chord	4/4	2	1	1/16			1/16	1	490										
31	29	459/4	0.25	1/16	1/16	Chord	4/4	2	1	1/16			1/16	1	491										
31	29	115	0.25	1/8	1/8	Chord	4/4	2	1	1/16			1/16	1	492										
31	29	461/4	0.25	3/16	3/16	Chord	4/4	2	1	1/16			1/16	1	493										
31	29	231/2	0.0	1/4	1/4	FiguredBass	4/4	2	1	0											1/4	7	h3_		
31	29	231/2	0.25	1/4	1/4	Chord	4/4	2	1	1/16			1/16	1	494										
31	29	463/4	0.25	5/16	5/16	Chord	4/4	2	1	1/16			1/16	1	495										
31	29	116	0.25	3/8	3/8	Chord	4/4	2	1	1/16			1/16	1	496										
31	29	465/4	0.25	7/16	7/16	Chord	4/4	2	1	1/16			1/16	1	497										
31	29	233/2	0.5	1/2	1/2	Chord	4/4	2	1	1/8			1/8	1	498										
31	29	117	0.0	5/8	5/8	FiguredBass	4/4	2	1	0											1/8	6			
31	29	117	0.5	5/8	5/8	Chord	4/4	2	1	1/8			1/8	1	499										
31	29	235/2	0.0	3/4	3/4	FiguredBass	4/4	2	1	0											1/8	6	5		
31	29	235/2	0.5	3/4	3/4	Chord	4/4	2	1	1/8			1/8	1	500										
31	29	118	0.0	7/8	7/8	FiguredBass	4/4	2	1	0											1/8	b3			
31	29	118	0.5	7/8	7/8	Chord	4/4	2	1	1/8			1/8	1	501										
32	30	237/2	0.5	0	0	Chord	4/4	1	1	1/8			1/8	1	502										
32	30	119	1.0	1/8	1/8	Chord	4/4	1	1	1/4			1/4	1	503										
32	30	120	0.25	3/8	3/8	Chord	4/4	1	1	1/16			1/16	1	504		ornamentShortTrill								
32	30	481/4	0.25	7/16	7/16	Chord	4/4	1	1	1/16			1/16	1	505										
32	30	241/2	0.25	1/2	1/2	Chord	4/4	1	1	1/16			1/16	1	506		ornamentShortTrill								
32	30	483/4	0.25	9/16	9/16	Chord	4/4	1	1	1/16			1/16	1	507										
32	30	121	0.25	5/8	5/8	Chord	4/4	1	1	1/16			1/16	1	508										
32	30	485/4	0.25	11/16	11/16	Chord	4/4	1	1	1/16			1/16	1	509										
32	30	243/2	0.75	3/4	3/4	Chord	4/4	1	1	3/16			1/8	3/2	510		ornamentShortTrill								
32	30	489/4	0.25	15/16	15/16	Chord	4/4	1	1	1/16			1/16	1	511										
32	30	237/2	0.0	0	0	FiguredBass	4/4	2	1	0											1/8	b7			
32	30	237/2	0.5	0	0	Chord	4/4	2	1	1/8			1/8	1	512										
32	30	119	0.5	1/8	1/8	Chord	4/4	2	1	1/8			1/8	1	513										
32	30	239/2	0.0	1/4	1/4	FiguredBass	4/4	2	1	0											1/8	7			
32	30	239/2	0.5	1/4	1/4	Chord	4/4	2	1	1/8			1/8	1	514										
32	30	120	0.0	3/8	3/8	FiguredBass	4/4	2	1	0											1/8	6	5		
32	30	120	0.5	3/8	3/8	Chord	4/4	2	1	1/8			1/8	1	515										
32	30	241/2	0.0	1/2	1/2	FiguredBass	4/4	2	1	0											1/8	4+			
32	30	241/2	0.5	1/2	1/2	Chord	4/4	2	1	1/8			1/8	1	516										
32	30	121	0.0	5/8	5/8	FiguredBass	4/4	2	1	0											1/8	6_			
32	30	121	0.25	5/8	5/8	Chord	4/4	2	1	1/16			1/16	1	517										
32	30	485/4	0.25	11/16	11/16	Chord	4/4	2	1	1/16			1/16	1	518										
32	30	243/2	0.0	3/4	3/4	FiguredBass	4/4	2	1	0											1/8	5	4		
32	30	243/2	0.5	3/4	3/4	Chord	4/4	2	1	1/8			1/8	1	519										
32	30	122	0.0	7/8	7/8	FiguredBass	4/4	2	1	0											1/8	3			
32	30	122	0.5	7/8	7/8	Chord	4/4	2	1	1/8			1/8	1	520										
33	31	245/2	0.5	0	0	Chord	4/4	1	1	1/8			1/8	1	521										
33	31	245/2	0.5	0	0	Chord	4/4	2	1	1/8			1/8	1	522										
