mc	mn	quarterbeats	duration_qb	volta	mc_onset	mn_onset	event	timesig	staff	voice	duration	gracenote	tremolo	nominal_duration	scalar	chord_id	articulation	staff_text	tempo	qpm	slur
1	1	0	0.0		0	0	StaffText	4/4	1	1	0							Lentement, et douloureusement			
1	1	1	0.0		1/4	1/4	StaffText	4/4	1	1	0							1eme Viole			
1	1	1	0.0		1/4	1/4	Tempo	4/4	1	1	0								 = 96	96	
1	1	1	0.75		1/4	1/4	Chord	4/4	1	1	3/16			1/8	3/2	0					0
1	1	7/4	0.25		7/16	7/16	Chord	4/4	1	1	1/16			1/16	1	1					0
1	1	2	1.0		1/2	1/2	Chord	4/4	1	1	1/4			1/4	1	2					
1	1	3	0.75		3/4	3/4	Chord	4/4	1	1	3/16			1/8	3/2	3					
1	1	15/4	0.25		15/16	15/16	Chord	4/4	1	1	1/16			1/16	1	4					1
1	1	1	0.0		1/4	1/4	StaffText	4/4	2	1	0							2eme Viole			
1	1	1	0.75		1/4	1/4	Chord	4/4	2	1	3/16			1/8	3/2	5					
1	1	7/4	0.25		7/16	7/16	Chord	4/4	2	1	1/16			1/16	1	6					
1	1	2	1.0		1/2	1/2	Chord	4/4	2	1	1/4			1/4	1	7					
1	1	3	0.75		3/4	3/4	Chord	4/4	2	1	3/16			1/8	3/2	8					
1	1	15/4	0.25		15/16	15/16	Chord	4/4	2	1	1/16			1/16	1	9					
1	1	0	0.0		0	0	StaffText	4/4	2	2	0							Basse, sans accords			
1	1	0	2.0		0	0	Chord	4/4	2	2	1/2			1/2	1	10					
2	2	4	1.0		0	0	Chord	4/4	1	1	1/4			1/4	1	11					
2	2	5	0.75		1/4	1/4	Chord	4/4	1	1	3/16			1/8	3/2	12					
2	2	23/4	0.25		7/16	7/16	Chord	4/4	1	1	1/16			1/16	1	13					2
2	2	6	1.0		1/2	1/2	Chord	4/4	1	1	1/4			1/4	1	14					
2	2	7	0.75		3/4	3/4	Chord	4/4	1	1	3/16			1/8	3/2	15					
2	2	31/4	0.25		15/16	15/16	Chord	4/4	1	1	1/16			1/16	1	16					3
2	2	4	1.0		0	0	Chord	4/4	2	1	1/4			1/4	1	17					
2	2	5	0.75		1/4	1/4	Chord	4/4	2	1	3/16			1/8	3/2	18					
2	2	23/4	0.25		7/16	7/16	Chord	4/4	2	1	1/16			1/16	1	19					
2	2	6	1.0		1/2	1/2	Chord	4/4	2	1	1/4			1/4	1	20					
2	2	7	0.75		3/4	3/4	Chord	4/4	2	1	3/16			1/8	3/2	21					
2	2	31/4	0.25		15/16	15/16	Chord	4/4	2	1	1/16			1/16	1	22					
2	2	4	2.0		0	0	Chord	4/4	2	2	1/2			1/2	1	23					
3	3	8	1.0		0	0	Chord	4/4	1	1	1/4			1/4	1	24					
3	3	9	0.75		1/4	1/4	Chord	4/4	1	1	3/16			1/8	3/2	25					
3	3	39/4	0.25		7/16	7/16	Chord	4/4	1	1	1/16			1/16	1	26					4
3	3	10	0.75		1/2	1/2	Chord	4/4	1	1	3/16			1/8	3/2	27					
3	3	43/4	0.25		11/16	11/16	Chord	4/4	1	1	1/16			1/16	1	28					
3	3	11	0.75		3/4	3/4	Chord	4/4	1	1	3/16			1/8	3/2	29					
3	3	47/4	0.25		15/16	15/16	Chord	4/4	1	1	1/16			1/16	1	30					
3	3	8	0.75		0	0	Chord	4/4	2	1	3/16			1/8	3/2	31					
3	3	35/4	0.25		3/16	3/16	Chord	4/4	2	1	1/16			1/16	1	32					
3	3	9	0.75		1/4	1/4	Chord	4/4	2	1	3/16			1/8	3/2	33					
3	3	39/4	0.25		7/16	7/16	Chord	4/4	2	1	1/16			1/16	1	34					
3	3	10	0.75		1/2	1/2	Chord	4/4	2	1	3/16			1/8	3/2	35					
3	3	43/4	0.25		11/16	11/16	Chord	4/4	2	1	1/16			1/16	1	36					
3	3	11	0.75		3/4	3/4	Chord	4/4	2	1	3/16			1/8	3/2	37					
3	3	47/4	0.25		15/16	15/16	Chord	4/4	2	1	1/16			1/16	1	38					
3	3	8	2.0		0	0	Chord	4/4	2	2	1/2			1/2	1	39					
4	4	12	0.75		0	0	Chord	4/4	1	1	3/16			1/8	3/2	40	ornamentShortTrill				
4	4	51/4	0.25		3/16	3/16	Chord	4/4	1	1	1/16			1/16	1	41					
4	4	13	0.75		1/4	1/4	Chord	4/4	1	1	3/16			1/8	3/2	42					
4	4	55/4	0.25		7/16	7/16	Chord	4/4	1	1	1/16			1/16	1	43					
4	4	14	1.0		1/2	1/2	Chord	4/4	1	1	1/4			1/4	1	44					
4	4	15	0.75		3/4	3/4	Chord	4/4	1	1	3/16			1/8	3/2	45					
4	4	63/4	0.25		15/16	15/16	Chord	4/4	1	1	1/16			1/16	1	46					5
4	4	12	0.75		0	0	Chord	4/4	2	1	3/16			1/8	3/2	47					
4	4	51/4	0.25		3/16	3/16	Chord	4/4	2	1	1/16			1/16	1	48					
4	4	13	0.75		1/4	1/4	Chord	4/4	2	1	3/16			1/8	3/2	49					
4	4	55/4	0.25		7/16	7/16	Chord	4/4	2	1	1/16			1/16	1	50					
4	4	14	0.75		1/2	1/2	Chord	4/4	2	1	3/16			1/8	3/2	51					
4	4	59/4	0.25		11/16	11/16	Chord	4/4	2	1	1/16			1/16	1	52					
4	4	15	0.75		3/4	3/4	Chord	4/4	2	1	3/16			1/8	3/2	53					
4	4	63/4	0.25		15/16	15/16	Chord	4/4	2	1	1/16			1/16	1	54					6
4	4	12	2.0		0	0	Chord	4/4	2	2	1/2			1/2	1	55					
5	5	16	0.75		0	0	Chord	4/4	1	1	3/16			1/8	3/2	56					
5	5	67/4	0.25		3/16	3/16	Chord	4/4	1	1	1/16			1/16	1	57					
5	5	17	0.75		1/4	1/4	Chord	4/4	1	1	3/16			1/8	3/2	58					
5	5	71/4	0.25		7/16	7/16	Chord	4/4	1	1	1/16			1/16	1	59					
5	5	18	0.75		1/2	1/2	Chord	4/4	1	1	3/16			1/8	3/2	60					7
5	5	75/4	0.25		11/16	11/16	Chord	4/4	1	1	1/16			1/16	1	61					
5	5	19	0.75		3/4	3/4	Chord	4/4	1	1	3/16			1/8	3/2	62					8
5	5	79/4	0.25		15/16	15/16	Chord	4/4	1	1	1/16			1/16	1	63					
5	5	16	1.0		0	0	Chord	4/4	2	1	1/4			1/4	1	64	ornamentShortTrill				
5	5	17	0.75		1/4	1/4	Chord	4/4	2	1	3/16			1/8	3/2	65					9
5	5	71/4	0.25		7/16	7/16	Chord	4/4	2	1	1/16			1/16	1	66					
5	5	18	0.75		1/2	1/2	Chord	4/4	2	1	3/16			1/8	3/2	67					10
5	5	75/4	0.25		11/16	11/16	Chord	4/4	2	1	1/16			1/16	1	68					
5	5	19	0.75		3/4	3/4	Chord	4/4	2	1	3/16			1/8	3/2	69					11
5	5	79/4	0.25		15/16	15/16	Chord	4/4	2	1	1/16			1/16	1	70					
5	5	16	2.0		0	0	Chord	4/4	2	2	1/2			1/2	1	71					
6	6	20	0.75		0	0	Chord	4/4	1	1	3/16			1/8	3/2	72					
6	6	83/4	0.25		3/16	3/16	Chord	4/4	1	1	1/16			1/16	1	73					
6	6	21	0.75		1/4	1/4	Chord	4/4	1	1	3/16			1/8	3/2	74					
6	6	87/4	0.25		7/16	7/16	Chord	4/4	1	1	1/16			1/16	1	75					
6	6	22	0.75		1/2	1/2	Chord	4/4	1	1	3/16			1/8	3/2	76					
6	6	91/4	0.25		11/16	11/16	Chord	4/4	1	1	1/16			1/16	1	77					
6	6	23	0.75		3/4	3/4	Chord	4/4	1	1	3/16			1/8	3/2	78					
6	6	95/4	0.25		15/16	15/16	Chord	4/4	1	1	1/16			1/16	1	79					
6	6	20	0.75		0	0	Chord	4/4	2	1	3/16			1/8	3/2	80					12
6	6	83/4	0.25		3/16	3/16	Chord	4/4	2	1	1/16			1/16	1	81					
6	6	21	0.75		1/4	1/4	Chord	4/4	2	1	3/16			1/8	3/2	82					13
6	6	87/4	0.25		7/16	7/16	Chord	4/4	2	1	1/16			1/16	1	83					
6	6	22	0.75		1/2	1/2	Chord	4/4	2	1	3/16			1/8	3/2	84					
6	6	91/4	0.25		11/16	11/16	Chord	4/4	2	1	1/16			1/16	1	85					
6	6	23	0.75		3/4	3/4	Chord	4/4	2	1	3/16			1/8	3/2	86					
6	6	95/4	0.25		15/16	15/16	Chord	4/4	2	1	1/16			1/16	1	87					
6	6	20	2.0		0	0	Chord	4/4	2	2	1/2			1/2	1	88					
7	7	24	0.75		0	0	Chord	4/4	1	1	3/16			1/8	3/2	89					14
7	7	99/4	0.25		3/16	3/16	Chord	4/4	1	1	1/16			1/16	1	90					
7	7	25	0.75		1/4	1/4	Chord	4/4	1	1	3/16			1/8	3/2	91					15
7	7	103/4	0.25		7/16	7/16	Chord	4/4	1	1	1/16			1/16	1	92					
7	7	26	1.0		1/2	1/2	Chord	4/4	1	1	1/4			1/4	1	93					16
7	7	27	0.75		3/4	3/4	Chord	4/4	1	1	3/16			1/8	3/2	94	ornamentShortTrill				
7	7	111/4	0.25		15/16	15/16	Chord	4/4	1	1	1/16			1/16	1	95					
7	7	24	0.75		0	0	Chord	4/4	2	1	3/16			1/8	3/2	96					
7	7	99/4	0.25		3/16	3/16	Chord	4/4	2	1	1/16			1/16	1	97					
7	7	25	0.75		1/4	1/4	Chord	4/4	2	1	3/16			1/8	3/2	98					
7	7	103/4	0.25		7/16	7/16	Chord	4/4	2	1	1/16			1/16	1	99					
7	7	26	1.0		1/2	1/2	Chord	4/4	2	1	1/4			1/4	1	100					17
7	7	27	0.75		3/4	3/4	Chord	4/4	2	1	3/16			1/8	3/2	101	ornamentShortTrill				
7	7	111/4	0.25		15/16	15/16	Chord	4/4	2	1	1/16			1/16	1	102					
7	7	24	2.0		0	0	Chord	4/4	2	2	1/2			1/2	1	103					
7	7	26	1.0		1/2	1/2	Chord	4/4	2	2	1/4			1/4	1	104					
7	7	27	1.0		3/4	3/4	Chord	4/4	2	2	1/4			1/4	1	105					
8	8		0.0	1	0	0	StaffText	4/4	1	1	0							)			
8	8		1.0	1	0	0	Chord	4/4	1	1	1/4			1/4	1	106	ornamentShortTrill				
8	8		0.75	1	1/4	1/4	Chord	4/4	1	1	3/16			1/8	3/2	107					18
8	8		0.25	1	7/16	7/16	Chord	4/4	1	1	1/16			1/16	1	108					18
8	8		1.0	1	1/2	1/2	Chord	4/4	1	1	1/4			1/4	1	109					
8	8		0.75	1	3/4	3/4	Chord	4/4	1	1	3/16			1/8	3/2	110					
8	8		0.25	1	15/16	15/16	Chord	4/4	1	1	1/16			1/16	1	111					
8	8		1.0	1	0	0	Chord	4/4	2	1	1/4			1/4	1	112					
8	8		0.0	1	1/4	1/4	StaffText	4/4	2	1	0							pour reprendere			
8	8		0.75	1	1/4	1/4	Chord	4/4	2	1	3/16			1/8	3/2	113					
8	8		0.25	1	7/16	7/16	Chord	4/4	2	1	1/16			1/16	1	114					
8	8		1.0	1	1/2	1/2	Chord	4/4	2	1	1/4			1/4	1	115					
8	8		0.75	1	3/4	3/4	Chord	4/4	2	1	3/16			1/8	3/2	116					
8	8		0.25	1	15/16	15/16	Chord	4/4	2	1	1/16			1/16	1	117					
8	8		0.75	1	0	0	Chord	4/4	2	2	3/16			1/8	3/2	118					
8	8		0.25	1	3/16	3/16	Chord	4/4	2	2	1/16			1/16	1	119					
8	8		0.75	1	1/4	1/4	Chord	4/4	2	2	3/16			1/8	3/2	120	ornamentShortTrill				
8	8		0.25	1	7/16	7/16	Chord	4/4	2	2	1/16			1/16	1	121					
8	8		1.0	1	1/2	1/2	Chord	4/4	2	2	1/4			1/4	1	122					
8	8		1.0	1	3/4	3/4	Chord	4/4	2	2	1/4			1/4	1	123					
9	8	28	1.0	2	0	0	Chord	4/4	1	1	1/4			1/4	1	124					
9	8	29	0.75	2	1/4	1/4	Chord	4/4	1	1	3/16			1/8	3/2	125					19
9	8	119/4	0.25	2	7/16	7/16	Chord	4/4	1	1	1/16			1/16	1	126					19
9	8	30	0.0	2	1/2	1/2	Chord	4/4	1	1	0	appoggiatura		1/8	1	127					
9	8	30	1.0	2	1/2	1/2	Chord	4/4	1	1	1/4			1/4	1	128					
9	8	31	0.75	2	3/4	3/4	Chord	4/4	1	1	3/16			1/8	3/2	129					
9	8	127/4	0.25	2	15/16	15/16	Chord	4/4	1	1	1/16			1/16	1	130					
9	8	28	0.0	2	0	0	StaffText	4/4	2	1	0							Reprise			
9	8	29	0.75	2	1/4	1/4	Chord	4/4	2	1	3/16			1/8	3/2	131					
9	8	119/4	0.25	2	7/16	7/16	Chord	4/4	2	1	1/16			1/16	1	132					
9	8	30	0.0	2	1/2	1/2	Chord	4/4	2	1	0	appoggiatura		1/8	1	133					
9	8	30	1.0	2	1/2	1/2	Chord	4/4	2	1	1/4			1/4	1	134					
9	8	31	0.75	2	3/4	3/4	Chord	4/4	2	1	3/16			1/8	3/2	135					
9	8	127/4	0.25	2	15/16	15/16	Chord	4/4	2	1	1/16			1/16	1	136					
9	8	28	1.0	2	0	0	Chord	4/4	2	2	1/4			1/4	1	137					
10	9	32	1.0		0	0	Chord	4/4	1	1	1/4			1/4	1	138	ornamentShortTrill				
10	9	33	1.0		1/4	1/4	Chord	4/4	1	1	1/4			1/4	1	139					
10	9	34	1.0		1/2	1/2	Chord	4/4	1	1	1/4			1/4	1	140					
10	9	35	1.0		3/4	3/4	Chord	4/4	1	1	1/4			1/4	1	141					
10	9	32	1.0		0	0	Chord	4/4	2	1	1/4			1/4	1	142	ornamentShortTrill				
10	9	33	1.0		1/4	1/4	Chord	4/4	2	1	1/4			1/4	1	143					
10	9	34	1.0		1/2	1/2	Chord	4/4	2	1	1/4			1/4	1	144	ornamentShortTrill				
10	9	35	1.0		3/4	3/4	Chord	4/4	2	1	1/4			1/4	1	145					
10	9	32	2.0		0	0	Chord	4/4	2	2	1/2			1/2	1	146					
11	10	36	1.0		0	0	Chord	4/4	1	1	1/4			1/4	1	147	ornamentShortTrill				
11	10	37	1.0		1/4	1/4	Chord	4/4	1	1	1/4			1/4	1	148					
11	10	38	1.0		1/2	1/2	Chord	4/4	1	1	1/4			1/4	1	149					
11	10	39	1.0		3/4	3/4	Chord	4/4	1	1	1/4			1/4	1	150					
11	10	36	1.0		0	0	Chord	4/4	2	1	1/4			1/4	1	151					
11	10	37	1.0		1/4	1/4	Chord	4/4	2	1	1/4			1/4	1	152					
11	10	38	1.0		1/2	1/2	Chord	4/4	2	1	1/4			1/4	1	153	ornamentShortTrill				
11	10	39	1.0		3/4	3/4	Chord	4/4	2	1	1/4			1/4	1	154					
11	10	36	2.0		0	0	Chord	4/4	2	2	1/2			1/2	1	155					
12	11	40	0.75		0	0	Chord	4/4	1	1	3/16			1/8	3/2	156	ornamentShortTrill				20
12	11	163/4	0.25		3/16	3/16	Chord	4/4	1	1	1/16			1/16	1	157					
12	11	41	0.75		1/4	1/4	Chord	4/4	1	1	3/16			1/8	3/2	158					21
12	11	167/4	0.25		7/16	7/16	Chord	4/4	1	1	1/16			1/16	1	159					
12	11	42	0.75		1/2	1/2	Chord	4/4	1	1	3/16			1/8	3/2	160					22
12	11	171/4	0.25		11/16	11/16	Chord	4/4	1	1	1/16			1/16	1	161					
12	11	43	0.75		3/4	3/4	Chord	4/4	1	1	3/16			1/8	3/2	162					23
12	11	175/4	0.25		15/16	15/16	Chord	4/4	1	1	1/16			1/16	1	163					
12	11	40	0.75		0	0	Chord	4/4	2	1	3/16			1/8	3/2	164	ornamentShortTrill				24
12	11	163/4	0.25		3/16	3/16	Chord	4/4	2	1	1/16			1/16	1	165					
12	11	41	0.75		1/4	1/4	Chord	4/4	2	1	3/16			1/8	3/2	166					25
12	11	167/4	0.25		7/16	7/16	Chord	4/4	2	1	1/16			1/16	1	167					
12	11	42	0.75		1/2	1/2	Chord	4/4	2	1	3/16			1/8	3/2	168					26
12	11	171/4	0.25		11/16	11/16	Chord	4/4	2	1	1/16			1/16	1	169					
12	11	43	0.75		3/4	3/4	Chord	4/4	2	1	3/16			1/8	3/2	170					27
12	11	175/4	0.25		15/16	15/16	Chord	4/4	2	1	1/16			1/16	1	171					
12	11	40	2.0		0	0	Chord	4/4	2	2	1/2			1/2	1	172					
13	12	44	1.0		0	0	Chord	4/4	1	1	1/4			1/4	1	173					
13	12	45	1.0		1/4	1/4	Chord	4/4	1	1	1/4			1/4	1	174					
13	12	46	1.0		1/2	1/2	Chord	4/4	1	1	1/4			1/4	1	175					
13	12	47	1.0		3/4	3/4	Chord	4/4	1	1	1/4			1/4	1	176					
13	12	44	1.0		0	0	Chord	4/4	2	1	1/4			1/4	1	177	ornamentShortTrill				
13	12	45	1.0		1/4	1/4	Chord	4/4	2	1	1/4			1/4	1	178					
13	12	46	1.0		1/2	1/2	Chord	4/4	2	1	1/4			1/4	1	179					
13	12	47	1.0		3/4	3/4	Chord	4/4	2	1	1/4			1/4	1	180					
13	12	44	2.0		0	0	Chord	4/4	2	2	1/2			1/2	1	181					
14	13	48	0.75		0	0	Chord	4/4	1	1	3/16			1/8	3/2	182					28
14	13	195/4	0.25		3/16	3/16	Chord	4/4	1	1	1/16			1/16	1	183					28
14	13	49	0.75		1/4	1/4	Chord	4/4	1	1	3/16			1/8	3/2	184					28
14	13	199/4	0.25		7/16	7/16	Chord	4/4	1	1	1/16			1/16	1	185					
14	13	50	1.0		1/2	1/2	Chord	4/4	1	1	1/4			1/4	1	186					29
14	13	51	0.75		3/4	3/4	Chord	4/4	1	1	3/16			1/8	3/2	187	ornamentShortTrill				
14	13	207/4	0.25		15/16	15/16	Chord	4/4	1	1	1/16			1/16	1	188					
14	13	48	0.75		0	0	Chord	4/4	2	1	3/16			1/8	3/2	189	ornamentShortTrill				
14	13	195/4	0.25		3/16	3/16	Chord	4/4	2	1	1/16			1/16	1	190					
14	13	49	0.75		1/4	1/4	Chord	4/4	2	1	3/16			1/8	3/2	191					
14	13	199/4	0.25		7/16	7/16	Chord	4/4	2	1	1/16			1/16	1	192					
14	13	50	0.75		1/2	1/2	Chord	4/4	2	1	3/16			1/8	3/2	193					
14	13	203/4	0.25		11/16	11/16	Chord	4/4	2	1	1/16			1/16	1	194					
14	13	51	0.75		3/4	3/4	Chord	4/4	2	1	3/16			1/8	3/2	195					
14	13	207/4	0.25		15/16	15/16	Chord	4/4	2	1	1/16			1/16	1	196					
14	13	48	2.0		0	0	Chord	4/4	2	2	1/2			1/2	1	197					
15	14	52	0.0		0	0	StaffText	4/4	1	1	0							)			
15	14	52	0.75		0	0	Chord	4/4	1	1	3/16			1/8	3/2	198	ornamentShortTrill				
15	14	211/4	0.25		3/16	3/16	Chord	4/4	1	1	1/16			1/16	1	199					30
15	14	53	0.75		1/4	1/4	Chord	4/4	1	1	3/16			1/8	3/2	200					30
15	14	215/4	0.25		7/16	7/16	Chord	4/4	1	1	1/16			1/16	1	201					
15	14	54	1.0		1/2	1/2	Chord	4/4	1	1	1/4			1/4	1	202					
15	14	55	0.75		3/4	3/4	Chord	4/4	1	1	3/16			1/8	3/2	203					
15	14	223/4	0.25		15/16	15/16	Chord	4/4	1	1	1/16			1/16	1	204					
15	14	52	0.75		0	0	Chord	4/4	2	1	3/16			1/8	3/2	205	ornamentShortTrill				
15	14	211/4	0.25		3/16	3/16	Chord	4/4	2	1	1/16			1/16	1	206					31
15	14	53	0.75		1/4	1/4	Chord	4/4	2	1	3/16			1/8	3/2	207					31
15	14	215/4	0.25		7/16	7/16	Chord	4/4	2	1	1/16			1/16	1	208					
15	14	54	0.75		1/2	1/2	Chord	4/4	2	1	3/16			1/8	3/2	209					32
15	14	219/4	0.25		11/16	11/16	Chord	4/4	2	1	1/16			1/16	1	210					
15	14	55	0.75		3/4	3/4	Chord	4/4	2	1	3/16			1/8	3/2	211					33
15	14	223/4	0.25		15/16	15/16	Chord	4/4	2	1	1/16			1/16	1	212					
15	14	52	2.0		0	0	Chord	4/4	2	2	1/2			1/2	1	213					
16	15	56	0.75		0	0	Chord	4/4	1	1	3/16			1/8	3/2	214					34
16	15	227/4	0.25		3/16	3/16	Chord	4/4	1	1	1/16			1/16	1	215					
16	15	57	0.75		1/4	1/4	Chord	4/4	1	1	3/16			1/8	3/2	216					35
16	15	231/4	0.25		7/16	7/16	Chord	4/4	1	1	1/16			1/16	1	217					
16	15	58	0.75		1/2	1/2	Chord	4/4	1	1	3/16			1/8	3/2	218					
16	15	235/4	0.25		11/16	11/16	Chord	4/4	1	1	1/16			1/16	1	219					
16	15	59	0.75		3/4	3/4	Chord	4/4	1	1	3/16			1/8	3/2	220					
16	15	239/4	0.25		15/16	15/16	Chord	4/4	1	1	1/16			1/16	1	221					
16	15	56	0.75		0	0	Chord	4/4	2	1	3/16			1/8	3/2	222					36
16	15	227/4	0.25		3/16	3/16	Chord	4/4	2	1	1/16			1/16	1	223					
16	15	57	0.75		1/4	1/4	Chord	4/4	2	1	3/16			1/8	3/2	224					37
16	15	231/4	0.25		7/16	7/16	Chord	4/4	2	1	1/16			1/16	1	225					
16	15	58	1.0		1/2	1/2	Chord	4/4	2	1	1/4			1/4	1	226					
16	15	59	0.75		3/4	3/4	Chord	4/4	2	1	3/16			1/8	3/2	227					
16	15	239/4	0.25		15/16	15/16	Chord	4/4	2	1	1/16			1/16	1	228					38
16	15	56	2.0		0	0	Chord	4/4	2	2	1/2			1/2	1	229					
17	16	60	0.75		0	0	Chord	4/4	1	1	3/16			1/8	3/2	230					
17	16	243/4	0.25		3/16	3/16	Chord	4/4	1	1	1/16			1/16	1	231					
17	16	61	0.75		1/4	1/4	Chord	4/4	1	1	3/16			1/8	3/2	232					
17	16	247/4	0.25		7/16	7/16	Chord	4/4	1	1	1/16			1/16	1	233					
17	16	62	1.0		1/2	1/2	Chord	4/4	1	1	1/4			1/4	1	234					39
17	16	63	0.75		3/4	3/4	Chord	4/4	1	1	3/16			1/8	3/2	235	ornamentShortTrill				
17	16	255/4	0.25		15/16	15/16	Chord	4/4	1	1	1/16			1/16	1	236					
17	16	60	0.75		0	0	Chord	4/4	2	1	3/16			1/8	3/2	237					
17	16	243/4	0.25		3/16	3/16	Chord	4/4	2	1	1/16			1/16	1	238					
17	16	61	0.75		1/4	1/4	Chord	4/4	2	1	3/16			1/8	3/2	239					
17	16	247/4	0.25		7/16	7/16	Chord	4/4	2	1	1/16			1/16	1	240					40
17	16	62	0.75		1/2	1/2	Chord	4/4	2	1	3/16			1/8	3/2	241					
17	16	251/4	0.25		11/16	11/16	Chord	4/4	2	1	1/16			1/16	1	242					
17	16	63	0.75		3/4	3/4	Chord	4/4	2	1	3/16			1/8	3/2	243					
17	16	255/4	0.25		15/16	15/16	Chord	4/4	2	1	1/16			1/16	1	244					41
17	16	60	2.0		0	0	Chord	4/4	2	2	1/2			1/2	1	245					
18	17	64	0.75		0	0	Chord	4/4	1	1	3/16			1/8	3/2	246					42
18	17	259/4	0.25		3/16	3/16	Chord	4/4	1	1	1/16			1/16	1	247					42
18	17	65	1.0		1/4	1/4	Chord	4/4	1	1	1/4			1/4	1	248					
18	17	66	0.75		1/2	1/2	Chord	4/4	1	1	3/16			1/8	3/2	249					
18	17	267/4	0.25		11/16	11/16	Chord	4/4	1	1	1/16			1/16	1	250					43
18	17	67	1.0		3/4	3/4	Chord	4/4	1	1	1/4			1/4	1	251	ornamentShortTrill				
18	17	64	1.0		0	0	Chord	4/4	2	1	1/4			1/4	1	252					
18	17	65	0.75		1/4	1/4	Chord	4/4	2	1	3/16			1/8	3/2	253					
18	17	263/4	0.25		7/16	7/16	Chord	4/4	2	1	1/16			1/16	1	254					44
18	17	66	1.0		1/2	1/2	Chord	4/4	2	1	1/4			1/4	1	255					
18	17	67	0.75		3/4	3/4	Chord	4/4	2	1	3/16			1/8	3/2	256					
18	17	271/4	0.25		15/16	15/16	Chord	4/4	2	1	1/16			1/16	1	257					45
18	17	64	4.0		0	0	Chord	4/4	2	2	1			1	1	258					
19	18	68	0.75		0	0	Chord	4/4	1	1	3/16			1/8	3/2	259					46
19	18	275/4	0.25		3/16	3/16	Chord	4/4	1	1	1/16			1/16	1	260					46
19	18	69	1.0		1/4	1/4	Chord	4/4	1	1	1/4			1/4	1	261					
19	18	70	0.75		1/2	1/2	Chord	4/4	1	1	3/16			1/8	3/2	262					
19	18	283/4	0.25		11/16	11/16	Chord	4/4	1	1	1/16			1/16	1	263					
19	18	71	0.75		3/4	3/4	Chord	4/4	1	1	3/16			1/8	3/2	264	ornamentShortTrill				
19	18	287/4	0.25		15/16	15/16	Chord	4/4	1	1	1/16			1/16	1	265					
19	18	68	0.75		0	0	Chord	4/4	2	1	3/16			1/8	3/2	266					47
19	18	275/4	0.25		3/16	3/16	Chord	4/4	2	1	1/16			1/16	1	267					
19	18	69	0.75		1/4	1/4	Chord	4/4	2	1	3/16			1/8	3/2	268					48
19	18	279/4	0.25		7/16	7/16	Chord	4/4	2	1	1/16			1/16	1	269					
19	18	70	0.75		1/2	1/2	Chord	4/4	2	1	3/16			1/8	3/2	270					49
19	18	283/4	0.25		11/16	11/16	Chord	4/4	2	1	1/16			1/16	1	271					
19	18	71	0.75		3/4	3/4	Chord	4/4	2	1	3/16			1/8	3/2	272					50
19	18	287/4	0.25		15/16	15/16	Chord	4/4	2	1	1/16			1/16	1	273					
19	18	68	2.0		0	0	Chord	4/4	2	2	1/2			1/2	1	274					
19	18	70	2.0		1/2	1/2	Chord	4/4	2	2	1/2			1/2	1	275					
20	19	72	1.0		0	0	Chord	4/4	1	1	1/4			1/4	1	276					51
20	19	73	0.75		1/4	1/4	Chord	4/4	1	1	3/16			1/8	3/2	277	ornamentShortTrill				
20	19	295/4	0.25		7/16	7/16	Chord	4/4	1	1	1/16			1/16	1	278					
20	19	74	1.0		1/2	1/2	Chord	4/4	1	1	1/4			1/4	1	279					52
20	19	75	0.75		3/4	3/4	Chord	4/4	1	1	3/16			1/8	3/2	280	ornamentShortTrill				
20	19	303/4	0.25		15/16	15/16	Chord	4/4	1	1	1/16			1/16	1	281					
20	19	72	1.0		0	0	Chord	4/4	2	1	1/4			1/4	1	282					53
20	19	73	0.75		1/4	1/4	Chord	4/4	2	1	3/16			1/8	3/2	283	ornamentShortTrill				
20	19	295/4	0.25		7/16	7/16	Chord	4/4	2	1	1/16			1/16	1	284					
20	19	74	1.0		1/2	1/2	Chord	4/4	2	1	1/4			1/4	1	285					54
20	19	75	0.75		3/4	3/4	Chord	4/4	2	1	3/16			1/8	3/2	286	ornamentShortTrill				
20	19	303/4	0.25		15/16	15/16	Chord	4/4	2	1	1/16			1/16	1	287					
20	19	72	1.0		0	0	Chord	4/4	2	2	1/4			1/4	1	288					
20	19	73	1.0		1/4	1/4	Chord	4/4	2	2	1/4			1/4	1	289					
20	19	74	2.0		1/2	1/2	Chord	4/4	2	2	1/2			1/2	1	290					
21	20		0.0	1	0	0	StaffText	4/4	1	1	0							)			
21	20		1.0	1	0	0	Chord	4/4	1	1	1/4			1/4	1	291					
21	20		0.75	1	1/4	1/4	Chord	4/4	1	1	3/16			1/8	3/2	292					
21	20		0.25	1	7/16	7/16	Chord	4/4	1	1	1/16			1/16	1	293					
21	20		0.0	1	1/2	1/2	Chord	4/4	1	1	0	appoggiatura		1/8	1	294					
21	20		1.0	1	1/2	1/2	Chord	4/4	1	1	1/4			1/4	1	295					
21	20		0.75	1	3/4	3/4	Chord	4/4	1	1	3/16			1/8	3/2	296					
21	20		0.25	1	15/16	15/16	Chord	4/4	1	1	1/16			1/16	1	297					
21	20		0.0	1	0	0	StaffText	4/4	2	1	0							)			
21	20		1.0	1	0	0	Chord	4/4	2	1	1/4			1/4	1	298					
21	20		0.0	1	1/4	1/4	StaffText	4/4	2	1	0							pour la reprise			
21	20		0.75	1	1/4	1/4	Chord	4/4	2	1	3/16			1/8	3/2	299					
21	20		0.25	1	7/16	7/16	Chord	4/4	2	1	1/16			1/16	1	300					
21	20		0.0	1	1/2	1/2	Chord	4/4	2	1	0	appoggiatura		1/8	1	301					
21	20		1.0	1	1/2	1/2	Chord	4/4	2	1	1/4			1/4	1	302					
21	20		0.75	1	3/4	3/4	Chord	4/4	2	1	3/16			1/8	3/2	303					
21	20		0.25	1	15/16	15/16	Chord	4/4	2	1	1/16			1/16	1	304					
21	20		2.0	1	0	0	Chord	4/4	2	2	1/2			1/2	1	305					
22	20	76	1.0	2	0	0	Chord	4/4	1	1	1/4			1/4	1	306					
22	20	76	1.0	2	0	0	Chord	4/4	2	1	1/4			1/4	1	307					
23	20	77	0.0		0	1/8	StaffText	4/4	1	1	0							plus légérement et coulé			
23	20	77	0.0		0	1/8	StaffText	4/4	1	1	0							Seconde Partie			
23	20	77	0.5		0	1/8	Chord	4/4	1	1	1/8			1/8	1	308					55
23	20	155/2	0.5		1/8	1/4	Chord	4/4	1	1	1/8			1/8	1	309					55
23	20	78	0.5		1/4	3/8	Chord	4/4	1	1	1/8			1/8	1	310					
23	20	157/2	0.5		3/8	1/2	Chord	4/4	1	1	1/8			1/8	1	311					56
23	20	79	0.5		1/2	5/8	Chord	4/4	1	1	1/8			1/8	1	312					56
23	20	159/2	0.5		5/8	3/4	Chord	4/4	1	1	1/8			1/8	1	313					56
23	20	80	0.5		3/4	7/8	Chord	4/4	1	1	1/8			1/8	1	314					
24	21	161/2	1.0		0	0	Chord	4/4	1	1	1/4			1/4	1	315					
24	21	163/2	1.0		1/4	1/4	Chord	4/4	1	1	1/4			1/4	1	316					
24	21	165/2	1.0		1/2	1/2	Chord	4/4	1	1	1/4			1/4	1	317					
24	21	167/2	1.0		3/4	3/4	Chord	4/4	1	1	1/4			1/4	1	318					
24	21	81	0.5		1/8	1/8	Chord	4/4	2	1	1/8			1/8	1	319					57
24	21	163/2	0.5		1/4	1/4	Chord	4/4	2	1	1/8			1/8	1	320					57
24	21	82	0.5		3/8	3/8	Chord	4/4	2	1	1/8			1/8	1	321					57
24	21	165/2	0.5		1/2	1/2	Chord	4/4	2	1	1/8			1/8	1	322					57
24	21	83	0.5		5/8	5/8	Chord	4/4	2	1	1/8			1/8	1	323					57
24	21	167/2	0.5		3/4	3/4	Chord	4/4	2	1	1/8			1/8	1	324					57
24	21	84	0.5		7/8	7/8	Chord	4/4	2	1	1/8			1/8	1	325					
24	21	161/2	2.0		0	0	Chord	4/4	2	2	1/2			1/2	1	326					
25	22	169/2	0.5		0	0	Chord	4/4	1	1	1/8			1/8	1	327					
25	22	85	0.5		1/8	1/8	Chord	4/4	1	1	1/8			1/8	1	328					
25	22	171/2	0.5		1/4	1/4	Chord	4/4	1	1	1/8			1/8	1	329					
25	22	86	0.5		3/8	3/8	Chord	4/4	1	1	1/8			1/8	1	330					
25	22	173/2	0.5		1/2	1/2	Chord	4/4	1	1	1/8			1/8	1	331					
25	22	87	0.5		5/8	5/8	Chord	4/4	1	1	1/8			1/8	1	332					
25	22	175/2	0.5		3/4	3/4	Chord	4/4	1	1	1/8			1/8	1	333					
25	22	88	0.5		7/8	7/8	Chord	4/4	1	1	1/8			1/8	1	334					
25	22	169/2	1.0		0	0	Chord	4/4	2	1	1/4			1/4	1	335					
25	22	86	0.5		3/8	3/8	Chord	4/4	2	1	1/8			1/8	1	336					
25	22	173/2	0.5		1/2	1/2	Chord	4/4	2	1	1/8			1/8	1	337					
25	22	87	0.5		5/8	5/8	Chord	4/4	2	1	1/8			1/8	1	338					
25	22	175/2	0.5		3/4	3/4	Chord	4/4	2	1	1/8			1/8	1	339					
25	22	88	0.5		7/8	7/8	Chord	4/4	2	1	1/8			1/8	1	340					
25	22	169/2	2.0		0	0	Chord	4/4	2	2	1/2			1/2	1	341					
26	23	177/2	1.0		0	0	Chord	4/4	1	1	1/4			1/4	1	342					
26	23	179/2	1.0		1/4	1/4	Chord	4/4	1	1	1/4			1/4	1	343					
26	23	181/2	0.0		1/2	1/2	Chord	4/4	1	1	0	appoggiatura		1/8	1	344					
26	23	181/2	1.5		1/2	1/2	Chord	4/4	1	1	3/8			1/4	3/2	345	ornamentMordent				
26	23	92	0.5		7/8	7/8	Chord	4/4	1	1	1/8			1/8	1	346					
26	23	177/2	0.0		0	0	Chord	4/4	2	1	0	appoggiatura		1/8	1	347					
26	23	177/2	1.0		0	0	Chord	4/4	2	1	1/4			1/4	1	348					
26	23	179/2	0.0		1/4	1/4	Chord	4/4	2	1	0	appoggiatura		1/8	1	349					
26	23	179/2	1.0		1/4	1/4	Chord	4/4	2	1	1/4			1/4	1	350					
26	23	181/2	1.5		1/2	1/2	Chord	4/4	2	1	3/8			1/4	3/2	351					
26	23	92	0.5		7/8	7/8	Chord	4/4	2	1	1/8			1/8	1	352					
26	23	179/2	0.5		1/4	1/4	Chord	4/4	2	2	1/8			1/8	1	353					
26	23	90	0.5		3/8	3/8	Chord	4/4	2	2	1/8			1/8	1	354					
26	23	181/2	1.0		1/2	1/2	Chord	4/4	2	2	1/4			1/4	1	355	ornamentShortTrill				
26	23	183/2	1.0		3/4	3/4	Chord	4/4	2	2	1/4			1/4	1	356					
27	24	185/2	0.5		0	0	Chord	4/4	1	1	1/8			1/8	1	357	ornamentShortTrill				
27	24	185/2	0.5		0	0	Chord	4/4	2	1	1/8			1/8	1	358	ornamentShortTrill				
27	24	185/2	0.5		0	0	Chord	4/4	2	2	1/8			1/8	1	359					
28	24	93	0.5		0	1/8	Chord	4/4	1	1	1/8			1/8	1	360					58
28	24	187/2	0.5		1/8	1/4	Chord	4/4	1	1	1/8			1/8	1	361					58
28	24	94	0.5		1/4	3/8	Chord	4/4	1	1	1/8			1/8	1	362					58
28	24	189/2	0.5		3/8	1/2	Chord	4/4	1	1	1/8			1/8	1	363					58
28	24	95	0.5		1/2	5/8	Chord	4/4	1	1	1/8			1/8	1	364					58
28	24	191/2	0.5		5/8	3/4	Chord	4/4	1	1	1/8			1/8	1	365					58
28	24	96	0.5		3/4	7/8	Chord	4/4	1	1	1/8			1/8	1	366					
28	24	93	0.0		0	1/8	StaffText	4/4	2	1	0							Reprise			
29	25	193/2	1.0		0	0	Chord	4/4	1	1	1/4			1/4	1	367					
29	25	195/2	1.0		1/4	1/4	Chord	4/4	1	1	1/4			1/4	1	368					
29	25	197/2	1.0		1/2	1/2	Chord	4/4	1	1	1/4			1/4	1	369					
29	25	199/2	1.0		3/4	3/4	Chord	4/4	1	1	1/4			1/4	1	370					
29	25	97	0.5		1/8	1/8	Chord	4/4	2	1	1/8			1/8	1	371					
29	25	195/2	0.5		1/4	1/4	Chord	4/4	2	1	1/8			1/8	1	372					
29	25	98	0.5		3/8	3/8	Chord	4/4	2	1	1/8			1/8	1	373					
29	25	197/2	0.5		1/2	1/2	Chord	4/4	2	1	1/8			1/8	1	374					
29	25	99	0.5		5/8	5/8	Chord	4/4	2	1	1/8			1/8	1	375					
29	25	199/2	0.5		3/4	3/4	Chord	4/4	2	1	1/8			1/8	1	376					
29	25	100	0.5		7/8	7/8	Chord	4/4	2	1	1/8			1/8	1	377					
29	25	193/2	2.0		0	0	Chord	4/4	2	2	1/2			1/2	1	378					
30	26	201/2	0.5		0	0	Chord	4/4	1	1	1/8			1/8	1	379					59
30	26	101	0.5		1/8	1/8	Chord	4/4	1	1	1/8			1/8	1	380					59
30	26	203/2	0.5		1/4	1/4	Chord	4/4	1	1	1/8			1/8	1	381					59
30	26	102	0.5		3/8	3/8	Chord	4/4	1	1	1/8			1/8	1	382					
30	26	205/2	0.5		1/2	1/2	Chord	4/4	1	1	1/8			1/8	1	383					60
30	26	103	0.5		5/8	5/8	Chord	4/4	1	1	1/8			1/8	1	384					60
30	26	207/2	0.5		3/4	3/4	Chord	4/4	1	1	1/8			1/8	1	385					60
30	26	104	0.5		7/8	7/8	Chord	4/4	1	1	1/8			1/8	1	386					
30	26	201/2	0.5		0	0	Chord	4/4	2	1	1/8			1/8	1	387					
30	26	101	0.5		1/8	1/8	Chord	4/4	2	1	1/8			1/8	1	388					
30	26	203/2	0.5		1/4	1/4	Chord	4/4	2	1	1/8			1/8	1	389					
30	26	102	0.5		3/8	3/8	Chord	4/4	2	1	1/8			1/8	1	390					
30	26	205/2	0.5		1/2	1/2	Chord	4/4	2	1	1/8			1/8	1	391					
30	26	103	0.5		5/8	5/8	Chord	4/4	2	1	1/8			1/8	1	392					
30	26	207/2	0.5		3/4	3/4	Chord	4/4	2	1	1/8			1/8	1	393					
30	26	104	0.5		7/8	7/8	Chord	4/4	2	1	1/8			1/8	1	394					
30	26	201/2	2.0		0	0	Chord	4/4	2	2	1/2			1/2	1	395					
31	27	209/2	0.5		0	0	Chord	4/4	1	1	1/8			1/8	1	396					61
31	27	105	0.5		1/8	1/8	Chord	4/4	1	1	1/8			1/8	1	397					61
31	27	211/2	0.5		1/4	1/4	Chord	4/4	1	1	1/8			1/8	1	398					61
31	27	106	0.5		3/8	3/8	Chord	4/4	1	1	1/8			1/8	1	399					
31	27	213/2	0.75		1/2	1/2	Chord	4/4	1	1	3/16			1/8	3/2	400					62
31	27	429/4	0.25		11/16	11/16	Chord	4/4	1	1	1/16			1/16	1	401					62
31	27	215/2	0.75		3/4	3/4	Chord	4/4	1	1	3/16			1/8	3/2	402	ornamentShortTrill				62
31	27	433/4	0.125		15/16	15/16	Chord	4/4	1	1	1/32			1/32	1	403					62
31	27	867/8	0.125		31/32	31/32	Chord	4/4	1	1	1/32			1/32	1	404					
31	27	209/2	0.5		0	0	Chord	4/4	2	1	1/8			1/8	1	405					
31	27	105	0.5		1/8	1/8	Chord	4/4	2	1	1/8			1/8	1	406					
31	27	211/2	0.5		1/4	1/4	Chord	4/4	2	1	1/8			1/8	1	407					
31	27	106	0.5		3/8	3/8	Chord	4/4	2	1	1/8			1/8	1	408					
31	27	213/2	0.75		1/2	1/2	Chord	4/4	2	1	3/16			1/8	3/2	409					63
31	27	429/4	0.25		11/16	11/16	Chord	4/4	2	1	1/16			1/16	1	410					63
31	27	215/2	0.75		3/4	3/4	Chord	4/4	2	1	3/16			1/8	3/2	411	ornamentShortTrill				63
31	27	433/4	0.125		15/16	15/16	Chord	4/4	2	1	1/32			1/32	1	412					63
31	27	867/8	0.125		31/32	31/32	Chord	4/4	2	1	1/32			1/32	1	413					
31	27	209/2	2.0		0	0	Chord	4/4	2	2	1/2			1/2	1	414					
32	28	217/2	1.0		0	0	Chord	4/4	1	1	1/4			1/4	1	415					64
32	28	219/2	0.75		1/4	1/4	Chord	4/4	1	1	3/16			1/8	3/2	416	ornamentShortTrill				
32	28	441/4	0.25		7/16	7/16	Chord	4/4	1	1	1/16			1/16	1	417					
32	28	221/2	1.5		1/2	1/2	Chord	4/4	1	1	3/8			1/4	3/2	418	ornamentShortTrill				
32	28	112	0.5		7/8	7/8	Chord	4/4	1	1	1/8			1/8	1	419					
32	28	217/2	1.0		0	0	Chord	4/4	2	1	1/4			1/4	1	420					65
32	28	219/2	0.75		1/4	1/4	Chord	4/4	2	1	3/16			1/8	3/2	421	ornamentShortTrill				
32	28	441/4	0.25		7/16	7/16	Chord	4/4	2	1	1/16			1/16	1	422					
32	28	221/2	1.5		1/2	1/2	Chord	4/4	2	1	3/8			1/4	3/2	423	ornamentShortTrill				
32	28	112	0.5		7/8	7/8	Chord	4/4	2	1	1/8			1/8	1	424					
32	28	217/2	1.0		0	0	Chord	4/4	2	2	1/4			1/4	1	425					
32	28	219/2	1.0		1/4	1/4	Chord	4/4	2	2	1/4			1/4	1	426					
32	28	221/2	2.0		1/2	1/2	Chord	4/4	2	2	1/2			1/2	1	427					
33	29	225/2	0.0		0	0	StaffText	4/4	1	1	0							)			
33	29	225/2	0.5		0	0	Chord	4/4	1	1	1/8			1/8	1	428					
33	29	113	0.5		1/8	1/8	Chord	4/4	1	1	1/8			1/8	1	429					
33	29	227/2	0.5		1/4	1/4	Chord	4/4	1	1	1/8			1/8	1	430					
33	29	114	0.5		3/8	3/8	Chord	4/4	1	1	1/8			1/8	1	431					
33	29	229/2	0.5		1/2	1/2	Chord	4/4	1	1	1/8			1/8	1	432					66
33	29	115	0.5		5/8	5/8	Chord	4/4	1	1	1/8			1/8	1	433					66
33	29	231/2	0.5		3/4	3/4	Chord	4/4	1	1	1/8			1/8	1	434					66
33	29	116	0.5		7/8	7/8	Chord	4/4	1	1	1/8			1/8	1	435					
33	29	225/2	0.0		0	0	StaffText	4/4	2	1	0							)			
33	29	225/2	0.5		0	0	Chord	4/4	2	1	1/8			1/8	1	436					
33	29	113	0.5		1/8	1/8	Chord	4/4	2	1	1/8			1/8	1	437					
33	29	227/2	0.5		1/4	1/4	Chord	4/4	2	1	1/8			1/8	1	438					
33	29	114	0.5		3/8	3/8	Chord	4/4	2	1	1/8			1/8	1	439					
33	29	229/2	0.5		1/2	1/2	Chord	4/4	2	1	1/8			1/8	1	440					67
33	29	115	0.5		5/8	5/8	Chord	4/4	2	1	1/8			1/8	1	441					67
33	29	231/2	0.5		3/4	3/4	Chord	4/4	2	1	1/8			1/8	1	442					67
33	29	116	0.5		7/8	7/8	Chord	4/4	2	1	1/8			1/8	1	443					
33	29	225/2	2.0		0	0	Chord	4/4	2	2	1/2			1/2	1	444					
34	30	233/2	0.5		0	0	Chord	4/4	1	1	1/8			1/8	1	445					68
34	30	117	0.5		1/8	1/8	Chord	4/4	1	1	1/8			1/8	1	446					68
34	30	235/2	0.5		1/4	1/4	Chord	4/4	1	1	1/8			1/8	1	447					68
34	30	118	0.5		3/8	3/8	Chord	4/4	1	1	1/8			1/8	1	448					
34	30	237/2	1.0		1/2	1/2	Chord	4/4	1	1	1/4			1/4	1	449					69
34	30	239/2	0.75		3/4	3/4	Chord	4/4	1	1	3/16			1/8	3/2	450	ornamentShortTrill				
34	30	481/4	0.25		15/16	15/16	Chord	4/4	1	1	1/16			1/16	1	451					
34	30	233/2	0.5		0	0	Chord	4/4	2	1	1/8			1/8	1	452					70
34	30	117	0.5		1/8	1/8	Chord	4/4	2	1	1/8			1/8	1	453					70
34	30	235/2	0.5		1/4	1/4	Chord	4/4	2	1	1/8			1/8	1	454					70
34	30	118	0.5		3/8	3/8	Chord	4/4	2	1	1/8			1/8	1	455					
34	30	237/2	1.0		1/2	1/2	Chord	4/4	2	1	1/4			1/4	1	456					71
34	30	239/2	0.75		3/4	3/4	Chord	4/4	2	1	3/16			1/8	3/2	457	ornamentShortTrill				
34	30	481/4	0.25		15/16	15/16	Chord	4/4	2	1	1/16			1/16	1	458					
34	30	233/2	2.0		0	0	Chord	4/4	2	2	1/2			1/2	1	459					
34	30	237/2	1.0		1/2	1/2	Chord	4/4	2	2	1/4			1/4	1	460					
34	30	239/2	1.0		3/4	3/4	Chord	4/4	2	2	1/4			1/4	1	461					
35	31	241/2	0.75		0	0	Chord	4/4	1	1	3/16			1/8	3/2	462					
35	31	485/4	0.25		3/16	3/16	Chord	4/4	1	1	1/16			1/16	1	463					
35	31	243/2	0.75		1/4	1/4	Chord	4/4	1	1	3/16			1/8	3/2	464					
35	31	489/4	0.25		7/16	7/16	Chord	4/4	1	1	1/16			1/16	1	465					
35	31	245/2	1.0		1/2	1/2	Chord	4/4	1	1	1/4			1/4	1	466					72
35	31	247/2	0.75		3/4	3/4	Chord	4/4	1	1	3/16			1/8	3/2	467	ornamentShortTrill				
35	31	497/4	0.25		15/16	15/16	Chord	4/4	1	1	1/16			1/16	1	468					
35	31	241/2	0.75		0	0	Chord	4/4	2	1	3/16			1/8	3/2	469					
35	31	485/4	0.25		3/16	3/16	Chord	4/4	2	1	1/16			1/16	1	470					
35	31	243/2	0.75		1/4	1/4	Chord	4/4	2	1	3/16			1/8	3/2	471					
35	31	489/4	0.25		7/16	7/16	Chord	4/4	2	1	1/16			1/16	1	472					
35	31	245/2	0.75		1/2	1/2	Chord	4/4	2	1	3/16			1/8	3/2	473					
35	31	493/4	0.25		11/16	11/16	Chord	4/4	2	1	1/16			1/16	1	474					
35	31	247/2	0.75		3/4	3/4	Chord	4/4	2	1	3/16			1/8	3/2	475					
35	31	497/4	0.25		15/16	15/16	Chord	4/4	2	1	1/16			1/16	1	476					
35	31	241/2	2.0		0	0	Chord	4/4	2	2	1/2			1/2	1	477					
35	31	245/2	1.0		1/2	1/2	Chord	4/4	2	2	1/4			1/4	1	478					
35	31	247/2	1.0		3/4	3/4	Chord	4/4	2	2	1/4			1/4	1	479					
36	32	249/2	0.0		0	0	StaffText	4/4	1	1	0							)			
36	32	249/2	0.5		0	0	Chord	4/4	1	1	1/8			1/8	1	480	ornamentShortTrill				
36	32	125	0.5		1/8	1/8	Chord	4/4	1	1	1/8			1/8	1	481					
36	32	251/2	0.5		1/4	1/4	Chord	4/4	1	1	1/8			1/8	1	482					
36	32	126	0.5		3/8	3/8	Chord	4/4	1	1	1/8			1/8	1	483					
36	32	253/2	0.5		1/2	1/2	Chord	4/4	1	1	1/8			1/8	1	484					
36	32	127	0.5		5/8	5/8	Chord	4/4	1	1	1/8			1/8	1	485					
36	32	255/2	0.5		3/4	3/4	Chord	4/4	1	1	1/8			1/8	1	486					
36	32	128	0.5		7/8	7/8	Chord	4/4	1	1	1/8			1/8	1	487					
36	32	249/2	0.5		0	0	Chord	4/4	2	1	1/8			1/8	1	488	ornamentShortTrill				
36	32	126	0.5		3/8	3/8	Chord	4/4	2	1	1/8			1/8	1	489					
36	32	253/2	0.5		1/2	1/2	Chord	4/4	2	1	1/8			1/8	1	490					
36	32	127	0.5		5/8	5/8	Chord	4/4	2	1	1/8			1/8	1	491					
36	32	255/2	0.5		3/4	3/4	Chord	4/4	2	1	1/8			1/8	1	492					
36	32	128	0.5		7/8	7/8	Chord	4/4	2	1	1/8			1/8	1	493					
36	32	249/2	2.0		0	0	Chord	4/4	2	2	1/2			1/2	1	494					
37	33	257/2	0.5		0	0	Chord	4/4	1	1	1/8			1/8	1	495	ornamentShortTrill				
37	33	129	0.5		1/8	1/8	Chord	4/4	1	1	1/8			1/8	1	496					
37	33	259/2	0.5		1/4	1/4	Chord	4/4	1	1	1/8			1/8	1	497					
37	33	130	0.5		3/8	3/8	Chord	4/4	1	1	1/8			1/8	1	498					
37	33	261/2	0.75		1/2	1/2	Chord	4/4	1	1	3/16			1/8	3/2	499					73
37	33	525/4	0.25		11/16	11/16	Chord	4/4	1	1	1/16			1/16	1	500					
37	33	263/2	0.75		3/4	3/4	Chord	4/4	1	1	3/16			1/8	3/2	501					74
37	33	529/4	0.25		15/16	15/16	Chord	4/4	1	1	1/16			1/16	1	502					
37	33	257/2	0.5		0	0	Chord	4/4	2	1	1/8			1/8	1	503	ornamentShortTrill				
37	33	129	0.5		1/8	1/8	Chord	4/4	2	1	1/8			1/8	1	504					
37	33	259/2	0.5		1/4	1/4	Chord	4/4	2	1	1/8			1/8	1	505					
37	33	130	0.5		3/8	3/8	Chord	4/4	2	1	1/8			1/8	1	506					
37	33	261/2	0.75		1/2	1/2	Chord	4/4	2	1	3/16			1/8	3/2	507					75
37	33	525/4	0.25		11/16	11/16	Chord	4/4	2	1	1/16			1/16	1	508					
37	33	263/2	0.75		3/4	3/4	Chord	4/4	2	1	3/16			1/8	3/2	509					76
37	33	529/4	0.25		15/16	15/16	Chord	4/4	2	1	1/16			1/16	1	510					
37	33	257/2	2.0		0	0	Chord	4/4	2	2	1/2			1/2	1	511					
38	34	265/2	0.75		0	0	Chord	4/4	1	1	3/16			1/8	3/2	512					77
38	34	533/4	0.25		3/16	3/16	Chord	4/4	1	1	1/16			1/16	1	513					
38	34	267/2	0.75		1/4	1/4	Chord	4/4	1	1	3/16			1/8	3/2	514					78
38	34	537/4	0.25		7/16	7/16	Chord	4/4	1	1	1/16			1/16	1	515					
38	34	269/2	0.75		1/2	1/2	Chord	4/4	1	1	3/16			1/8	3/2	516					
38	34	541/4	0.25		11/16	11/16	Chord	4/4	1	1	1/16			1/16	1	517					
38	34	271/2	0.75		3/4	3/4	Chord	4/4	1	1	3/16			1/8	3/2	518	ornamentShortTrill				
38	34	545/4	0.25		15/16	15/16	Chord	4/4	1	1	1/16			1/16	1	519					
38	34	265/2	0.75		0	0	Chord	4/4	2	1	3/16			1/8	3/2	520					
38	34	533/4	0.25		3/16	3/16	Chord	4/4	2	1	1/16			1/16	1	521					
38	34	267/2	0.75		1/4	1/4	Chord	4/4	2	1	3/16			1/8	3/2	522					
38	34	537/4	0.25		7/16	7/16	Chord	4/4	2	1	1/16			1/16	1	523					
38	34	269/2	1.0		1/2	1/2	Chord	4/4	2	1	1/4			1/4	1	524	ornamentShortTrill				
38	34	271/2	0.75		3/4	3/4	Chord	4/4	2	1	3/16			1/8	3/2	525					
38	34	545/4	0.25		15/16	15/16	Chord	4/4	2	1	1/16			1/16	1	526					
38	34	265/2	2.0		0	0	Chord	4/4	2	2	1/2			1/2	1	527					
38	34	269/2	0.75		1/2	1/2	Chord	4/4	2	2	3/16			1/8	3/2	528					
38	34	541/4	0.25		11/16	11/16	Chord	4/4	2	2	1/16			1/16	1	529					
38	34	271/2	0.75		3/4	3/4	Chord	4/4	2	2	3/16			1/8	3/2	530					
38	34	545/4	0.25		15/16	15/16	Chord	4/4	2	2	1/16			1/16	1	531					
39	35	273/2	0.75		0	0	Chord	4/4	1	1	3/16			1/8	3/2	532					
39	35	549/4	0.25		3/16	3/16	Chord	4/4	1	1	1/16			1/16	1	533					
39	35	275/2	0.75		1/4	1/4	Chord	4/4	1	1	3/16			1/8	3/2	534					
39	35	553/4	0.25		7/16	7/16	Chord	4/4	1	1	1/16			1/16	1	535					
39	35	277/2	1.5		1/2	1/2	Chord	4/4	1	1	3/8			1/4	3/2	536	ornamentShortTrill				
39	35	140	0.5		7/8	7/8	Chord	4/4	1	1	1/8			1/8	1	537					
39	35	273/2	0.75		0	0	Chord	4/4	2	1	3/16			1/8	3/2	538					
39	35	549/4	0.25		3/16	3/16	Chord	4/4	2	1	1/16			1/16	1	539					
39	35	275/2	0.75		1/4	1/4	Chord	4/4	2	1	3/16			1/8	3/2	540					
39	35	553/4	0.25		7/16	7/16	Chord	4/4	2	1	1/16			1/16	1	541					
39	35	277/2	1.5		1/2	1/2	Chord	4/4	2	1	3/8			1/4	3/2	542	ornamentShortTrill				
39	35	140	0.5		7/8	7/8	Chord	4/4	2	1	1/8			1/8	1	543					
39	35	273/2	1.0		0	0	Chord	4/4	2	2	1/4			1/4	1	544					
39	35	275/2	1.0		1/4	1/4	Chord	4/4	2	2	1/4			1/4	1	545					
39	35	277/2	2.0		1/2	1/2	Chord	4/4	2	2	1/2			1/2	1	546					
40	36		0.5	1	0	0	Chord	4/4	1	1	1/8			1/8	1	547					
40	36		0.5	1	0	0	Chord	4/4	2	1	1/8			1/8	1	548					
40	36		0.5	1	0	0	Chord	4/4	2	2	1/8			1/8	1	549					
41	36	281/2	4.0	2	0	0	Chord	4/4	1	1	1			1	1	550					
41	36	281/2	4.0	2	0	0	Chord	4/4	2	1	1			1	1	551					
41	36	281/2	4.0	2	0	0	Chord	4/4	2	2	1			1	1	552					
