mc	mn	quarterbeats	duration_qb	mc_onset	mn_onset	event	timesig	staff	voice	duration	gracenote	tremolo	nominal_duration	scalar	chord_id	articulation	staff_text	tempo	qpm	thoroughbass_duration	thoroughbass_level_1	thoroughbass_level_2	thoroughbass_level_3	thoroughbass_level_4	slur
1	1	0	0.0	0	0	StaffText	4/4	1	1	0							Notes égales et Coulées, et moderément.								
1	1	0	0.0	0	0	Tempo	4/4	1	1	0								 = 140	140						
1	1	0	0.5	0	0	Chord	4/4	1	1	1/8			1/8	1	0										0
1	1	1/2	0.5	1/8	1/8	Chord	4/4	1	1	1/8			1/8	1	1										0
1	1	1	0.5	1/4	1/4	Chord	4/4	1	1	1/8			1/8	1	2										0
1	1	3/2	0.5	3/8	3/8	Chord	4/4	1	1	1/8			1/8	1	3										
1	1	2	0.5	1/2	1/2	Chord	4/4	1	1	1/8			1/8	1	4										1
1	1	5/2	0.5	5/8	5/8	Chord	4/4	1	1	1/8			1/8	1	5										1
1	1	3	0.5	3/4	3/4	Chord	4/4	1	1	1/8			1/8	1	6										1
1	1	7/2	0.5	7/8	7/8	Chord	4/4	1	1	1/8			1/8	1	7										
1	1	0	0.5	0	0	Chord	4/4	2	1	1/8			1/8	1	8										2
1	1	1/2	0.5	1/8	1/8	Chord	4/4	2	1	1/8			1/8	1	9										2
1	1	1	0.5	1/4	1/4	Chord	4/4	2	1	1/8			1/8	1	10										2
1	1	3/2	0.5	3/8	3/8	Chord	4/4	2	1	1/8			1/8	1	11										
1	1	2	0.5	1/2	1/2	Chord	4/4	2	1	1/8			1/8	1	12										3
1	1	5/2	0.5	5/8	5/8	Chord	4/4	2	1	1/8			1/8	1	13										3
1	1	3	0.5	3/4	3/4	Chord	4/4	2	1	1/8			1/8	1	14										3
1	1	7/2	0.5	7/8	7/8	Chord	4/4	2	1	1/8			1/8	1	15										
1	1	0	4.0	0	0	Chord	4/4	3	1	1			1	1	16										
2	2	4	0.5	0	0	Chord	4/4	1	1	1/8			1/8	1	17										4
2	2	9/2	0.5	1/8	1/8	Chord	4/4	1	1	1/8			1/8	1	18										4
2	2	5	0.5	1/4	1/4	Chord	4/4	1	1	1/8			1/8	1	19										4
2	2	11/2	0.5	3/8	3/8	Chord	4/4	1	1	1/8			1/8	1	20										
2	2	6	0.5	1/2	1/2	Chord	4/4	1	1	1/8			1/8	1	21										5
2	2	13/2	0.5	5/8	5/8	Chord	4/4	1	1	1/8			1/8	1	22										5
2	2	7	0.5	3/4	3/4	Chord	4/4	1	1	1/8			1/8	1	23										5
2	2	15/2	0.5	7/8	7/8	Chord	4/4	1	1	1/8			1/8	1	24										
2	2	4	1.0	0	0	Chord	4/4	2	1	1/4			1/4	1	25										
2	2	5	1.0	1/4	1/4	Chord	4/4	2	1	1/4			1/4	1	26										
2	2	6	2.0	1/2	1/2	Chord	4/4	2	1	1/2			1/2	1	27										
2	2	4	0.0	0	0	FiguredBass	4/4	3	1	0										1	6				
2	2	4	4.0	0	0	Chord	4/4	3	1	1			1	1	28										
3	3	8	0.5	0	0	Chord	4/4	1	1	1/8			1/8	1	29										6
3	3	17/2	0.5	1/8	1/8	Chord	4/4	1	1	1/8			1/8	1	30										6
3	3	9	0.5	1/4	1/4	Chord	4/4	1	1	1/8			1/8	1	31										6
3	3	19/2	0.5	3/8	3/8	Chord	4/4	1	1	1/8			1/8	1	32										
3	3	10	0.5	1/2	1/2	Chord	4/4	1	1	1/8			1/8	1	33										7
3	3	21/2	0.5	5/8	5/8	Chord	4/4	1	1	1/8			1/8	1	34										7
3	3	11	0.5	3/4	3/4	Chord	4/4	1	1	1/8			1/8	1	35										7
3	3	23/2	0.5	7/8	7/8	Chord	4/4	1	1	1/8			1/8	1	36										
3	3	8	2.0	0	0	Chord	4/4	2	1	1/2			1/2	1	37										
3	3	10	0.5	1/2	1/2	Chord	4/4	2	1	1/8			1/8	1	38	ornamentShortTrill									8
3	3	21/2	0.5	5/8	5/8	Chord	4/4	2	1	1/8			1/8	1	39										8
3	3	11	0.5	3/4	3/4	Chord	4/4	2	1	1/8			1/8	1	40										8
3	3	23/2	0.5	7/8	7/8	Chord	4/4	2	1	1/8			1/8	1	41										
3	3	8	0.0	0	0	FiguredBass	4/4	3	1	0										1/2	7				
3	3	8	2.0	0	0	Chord	4/4	3	1	1/2			1/2	1	42										
3	3	10	0.0	1/2	1/2	FiguredBass	4/4	3	1	0										1/2	6				
3	3	10	2.0	1/2	1/2	Chord	4/4	3	1	1/2			1/2	1	43	ornamentShortTrill									
4	4	12	0.5	0	0	Chord	4/4	1	1	1/8			1/8	1	44										9
4	4	25/2	0.5	1/8	1/8	Chord	4/4	1	1	1/8			1/8	1	45										9
4	4	13	0.5	1/4	1/4	Chord	4/4	1	1	1/8			1/8	1	46										9
4	4	27/2	0.5	3/8	3/8	Chord	4/4	1	1	1/8			1/8	1	47										
4	4	14	1.0	1/2	1/2	Chord	4/4	1	1	1/4			1/4	1	48										
4	4	12	2.0	0	0	Chord	4/4	2	1	1/2			1/2	1	49										
4	4	14	1.0	1/2	1/2	Chord	4/4	2	1	1/4			1/4	1	50										
4	4	12	3.0	0	0	Chord	4/4	3	1	3/4			1/2	3/2	51										
5	5	16	4.0	0	0	Chord	4/4	1	1	1			1	1	52										
5	5	16	4.0	0	0	Chord	4/4	2	1	1			1	1	53										
5	5	16	0.5	0	0	Chord	4/4	3	1	1/8			1/8	1	54										10
5	5	33/2	0.5	1/8	1/8	Chord	4/4	3	1	1/8			1/8	1	55										10
5	5	17	0.5	1/4	1/4	Chord	4/4	3	1	1/8			1/8	1	56										10
5	5	35/2	0.5	3/8	3/8	Chord	4/4	3	1	1/8			1/8	1	57										
5	5	18	0.5	1/2	1/2	Chord	4/4	3	1	1/8			1/8	1	58										11
5	5	37/2	0.5	5/8	5/8	Chord	4/4	3	1	1/8			1/8	1	59										11
5	5	19	0.5	3/4	3/4	Chord	4/4	3	1	1/8			1/8	1	60										11
5	5	39/2	0.5	7/8	7/8	Chord	4/4	3	1	1/8			1/8	1	61										
6	6	20	2.0	0	0	Chord	4/4	1	1	1/2			1/2	1	62										
6	6	22	2.0	1/2	1/2	Chord	4/4	1	1	1/2			1/2	1	63										
6	6	20	2.0	0	0	Chord	4/4	2	1	1/2			1/2	1	64										
6	6	22	2.0	1/2	1/2	Chord	4/4	2	1	1/2			1/2	1	65										
6	6	20	0.0	0	0	FiguredBass	4/4	3	1	0										1/2	5	4_			
6	6	20	0.5	0	0	Chord	4/4	3	1	1/8			1/8	1	66										
6	6	41/2	0.5	1/8	1/8	Chord	4/4	3	1	1/8			1/8	1	67										
6	6	21	0.5	1/4	1/4	Chord	4/4	3	1	1/8			1/8	1	68										
6	6	43/2	0.5	3/8	3/8	Chord	4/4	3	1	1/8			1/8	1	69										
6	6	22	0.0	1/2	1/2	FiguredBass	4/4	3	1	0										1/2	6_				
6	6	22	0.5	1/2	1/2	Chord	4/4	3	1	1/8			1/8	1	70										
6	6	45/2	0.5	5/8	5/8	Chord	4/4	3	1	1/8			1/8	1	71										
6	6	23	0.5	3/4	3/4	Chord	4/4	3	1	1/8			1/8	1	72										
6	6	47/2	0.5	7/8	7/8	Chord	4/4	3	1	1/8			1/8	1	73										
7	7	24	2.0	0	0	Chord	4/4	1	1	1/2			1/2	1	74										12
7	7	26	2.0	1/2	1/2	Chord	4/4	1	1	1/2			1/2	1	75	ornamentShortTrill									
7	7	24	2.0	0	0	Chord	4/4	2	1	1/2			1/2	1	76										
7	7	26	2.0	1/2	1/2	Chord	4/4	2	1	1/2			1/2	1	77										
7	7	24	0.0	0	0	FiguredBass	4/4	3	1	0										1/2	5	4_			
7	7	24	0.5	0	0	Chord	4/4	3	1	1/8			1/8	1	78										
7	7	49/2	0.5	1/8	1/8	Chord	4/4	3	1	1/8			1/8	1	79										
7	7	25	0.5	1/4	1/4	Chord	4/4	3	1	1/8			1/8	1	80										
7	7	51/2	0.5	3/8	3/8	Chord	4/4	3	1	1/8			1/8	1	81										
7	7	26	0.0	1/2	1/2	FiguredBass	4/4	3	1	0										1/2	#3_				
7	7	26	0.5	1/2	1/2	Chord	4/4	3	1	1/8			1/8	1	82										
7	7	53/2	0.5	5/8	5/8	Chord	4/4	3	1	1/8			1/8	1	83										
7	7	27	0.5	3/4	3/4	Chord	4/4	3	1	1/8			1/8	1	84										
7	7	55/2	0.5	7/8	7/8	Chord	4/4	3	1	1/8			1/8	1	85										
8	8	28	2.0	0	0	Chord	4/4	1	1	1/2			1/2	1	86										
8	8	30	2.0	1/2	1/2	Chord	4/4	1	1	1/2			1/2	1	87										
8	8	28	2.0	0	0	Chord	4/4	2	1	1/2			1/2	1	88										
8	8	30	2.0	1/2	1/2	Chord	4/4	2	1	1/2			1/2	1	89										
8	8	28	0.0	0	0	FiguredBass	4/4	3	1	0										1/2	3	2_			
8	8	28	0.5	0	0	Chord	4/4	3	1	1/8			1/8	1	90										
8	8	57/2	0.5	1/8	1/8	Chord	4/4	3	1	1/8			1/8	1	91										
8	8	29	0.5	1/4	1/4	Chord	4/4	3	1	1/8			1/8	1	92										
8	8	59/2	0.5	3/8	3/8	Chord	4/4	3	1	1/8			1/8	1	93										
8	8	30	0.0	1/2	1/2	FiguredBass	4/4	3	1	0										1/2	6_				
8	8	30	0.5	1/2	1/2	Chord	4/4	3	1	1/8			1/8	1	94										
8	8	61/2	0.5	5/8	5/8	Chord	4/4	3	1	1/8			1/8	1	95										
8	8	31	0.5	3/4	3/4	Chord	4/4	3	1	1/8			1/8	1	96										
8	8	63/2	0.5	7/8	7/8	Chord	4/4	3	1	1/8			1/8	1	97										
9	9	32	2.0	0	0	Chord	4/4	1	1	1/2			1/2	1	98										
9	9	34	2.0	1/2	1/2	Chord	4/4	1	1	1/2			1/2	1	99										
9	9	32	4.0	0	0	Chord	4/4	2	1	1			1	1	100										
9	9	32	0.0	0	0	FiguredBass	4/4	3	1	0										1/2	5	3	2_		
9	9	32	0.5	0	0	Chord	4/4	3	1	1/8			1/8	1	101										
9	9	65/2	0.5	1/8	1/8	Chord	4/4	3	1	1/8			1/8	1	102										
9	9	33	0.5	1/4	1/4	Chord	4/4	3	1	1/8			1/8	1	103										
9	9	67/2	0.5	3/8	3/8	Chord	4/4	3	1	1/8			1/8	1	104										
9	9	34	0.0	1/2	1/2	FiguredBass	4/4	3	1	0										1/2	5_				
9	9	34	0.5	1/2	1/2	Chord	4/4	3	1	1/8			1/8	1	105										
9	9	69/2	0.5	5/8	5/8	Chord	4/4	3	1	1/8			1/8	1	106										
9	9	35	0.5	3/4	3/4	Chord	4/4	3	1	1/8			1/8	1	107										
9	9	71/2	0.5	7/8	7/8	Chord	4/4	3	1	1/8			1/8	1	108										
10	10	36	2.0	0	0	Chord	4/4	1	1	1/2			1/2	1	109										
10	10	38	2.0	1/2	1/2	Chord	4/4	1	1	1/2			1/2	1	110										
10	10	36	2.0	0	0	Chord	4/4	2	1	1/2			1/2	1	111	ornamentShortTrill									
10	10	38	2.0	1/2	1/2	Chord	4/4	2	1	1/2			1/2	1	112										
10	10	36	0.0	0	0	FiguredBass	4/4	3	1	0										1/2	7	#3_			
10	10	36	0.5	0	0	Chord	4/4	3	1	1/8			1/8	1	113										
10	10	73/2	0.5	1/8	1/8	Chord	4/4	3	1	1/8			1/8	1	114										
10	10	37	0.5	1/4	1/4	Chord	4/4	3	1	1/8			1/8	1	115										
10	10	75/2	0.5	3/8	3/8	Chord	4/4	3	1	1/8			1/8	1	116										
10	10	38	0.0	1/2	1/2	FiguredBass	4/4	3	1	0										1/2	5_				
10	10	38	0.5	1/2	1/2	Chord	4/4	3	1	1/8			1/8	1	117										
10	10	77/2	0.5	5/8	5/8	Chord	4/4	3	1	1/8			1/8	1	118										
10	10	39	0.5	3/4	3/4	Chord	4/4	3	1	1/8			1/8	1	119										
10	10	79/2	0.5	7/8	7/8	Chord	4/4	3	1	1/8			1/8	1	120										
11	11	40	2.0	0	0	Chord	4/4	1	1	1/2			1/2	1	121										
11	11	42	2.0	1/2	1/2	Chord	4/4	1	1	1/2			1/2	1	122	ornamentShortTrill									
11	11	40	2.0	0	0	Chord	4/4	2	1	1/2			1/2	1	123										13
11	11	42	2.0	1/2	1/2	Chord	4/4	2	1	1/2			1/2	1	124	ornamentShortTrill									
11	11	40	0.0	0	0	FiguredBass	4/4	3	1	0										1/2	6	5_			
11	11	40	0.5	0	0	Chord	4/4	3	1	1/8			1/8	1	125										
11	11	81/2	0.5	1/8	1/8	Chord	4/4	3	1	1/8			1/8	1	126										
11	11	41	0.5	1/4	1/4	Chord	4/4	3	1	1/8			1/8	1	127										
11	11	83/2	0.5	3/8	3/8	Chord	4/4	3	1	1/8			1/8	1	128										
11	11	42	0.0	1/2	1/2	FiguredBass	4/4	3	1	0										1/2	#3_				
11	11	42	1.0	1/2	1/2	Chord	4/4	3	1	1/4			1/4	1	129										
11	11	43	0.0	3/4	3/4	FiguredBass	4/4	3	1	0										1/4	7				
11	11	43	1.0	3/4	3/4	Chord	4/4	3	1	1/4			1/4	1	130										
12	12	44	0.5	0	0	Chord	4/4	1	1	1/8			1/8	1	131										
12	12	89/2	0.5	1/8	1/8	Chord	4/4	1	1	1/8			1/8	1	132										
12	12	45	0.5	1/4	1/4	Chord	4/4	1	1	1/8			1/8	1	133										
12	12	91/2	0.5	3/8	3/8	Chord	4/4	1	1	1/8			1/8	1	134										
12	12	46	0.5	1/2	1/2	Chord	4/4	1	1	1/8			1/8	1	135										
12	12	93/2	0.5	5/8	5/8	Chord	4/4	1	1	1/8			1/8	1	136										
12	12	47	0.5	3/4	3/4	Chord	4/4	1	1	1/8			1/8	1	137										
12	12	95/2	0.5	7/8	7/8	Chord	4/4	1	1	1/8			1/8	1	138										
12	12	44	2.0	0	0	Chord	4/4	2	1	1/2			1/2	1	139										
12	12	44	2.0	0	0	Chord	4/4	3	1	1/2			1/2	1	140										
13	13	48	2.0	0	0	Chord	4/4	1	1	1/2			1/2	1	141										
13	13	50	2.0	1/2	1/2	Chord	4/4	1	1	1/2			1/2	1	142	ornamentShortTrill									
13	13	48	0.5	0	0	Chord	4/4	2	1	1/8			1/8	1	143										
13	13	97/2	0.5	1/8	1/8	Chord	4/4	2	1	1/8			1/8	1	144										
13	13	49	0.5	1/4	1/4	Chord	4/4	2	1	1/8			1/8	1	145										
13	13	99/2	0.5	3/8	3/8	Chord	4/4	2	1	1/8			1/8	1	146										
13	13	50	0.5	1/2	1/2	Chord	4/4	2	1	1/8			1/8	1	147										
13	13	101/2	0.5	5/8	5/8	Chord	4/4	2	1	1/8			1/8	1	148										
13	13	51	0.5	3/4	3/4	Chord	4/4	2	1	1/8			1/8	1	149										
13	13	103/2	0.5	7/8	7/8	Chord	4/4	2	1	1/8			1/8	1	150										
14	14	52	2.0	0	0	Chord	4/4	1	1	1/2			1/2	1	151										
14	14	54	2.0	1/2	1/2	Chord	4/4	1	1	1/2			1/2	1	152										
14	14	52	2.0	0	0	Chord	4/4	2	1	1/2			1/2	1	153										
14	14	52	0.0	0	0	FiguredBass	4/4	3	1	0										1/2	_				
14	14	52	0.5	0	0	Chord	4/4	3	1	1/8			1/8	1	154										
14	14	105/2	0.5	1/8	1/8	Chord	4/4	3	1	1/8			1/8	1	155										
14	14	53	0.5	1/4	1/4	Chord	4/4	3	1	1/8			1/8	1	156										
14	14	107/2	0.5	3/8	3/8	Chord	4/4	3	1	1/8			1/8	1	157										
14	14	54	0.0	1/2	1/2	FiguredBass	4/4	3	1	0										1/2	6_				
14	14	54	0.5	1/2	1/2	Chord	4/4	3	1	1/8			1/8	1	158										
14	14	109/2	0.5	5/8	5/8	Chord	4/4	3	1	1/8			1/8	1	159										
14	14	55	0.5	3/4	3/4	Chord	4/4	3	1	1/8			1/8	1	160										
14	14	111/2	0.5	7/8	7/8	Chord	4/4	3	1	1/8			1/8	1	161										
15	15	56	2.0	0	0	Chord	4/4	1	1	1/2			1/2	1	162										
15	15	58	2.0	1/2	1/2	Chord	4/4	1	1	1/2			1/2	1	163										
15	15	56	2.0	0	0	Chord	4/4	2	1	1/2			1/2	1	164										
15	15	58	2.0	1/2	1/2	Chord	4/4	2	1	1/2			1/2	1	165	ornamentShortTrill									
15	15	56	0.0	0	0	FiguredBass	4/4	3	1	0										1/2	5	4_			
15	15	56	0.5	0	0	Chord	4/4	3	1	1/8			1/8	1	166										
15	15	113/2	0.5	1/8	1/8	Chord	4/4	3	1	1/8			1/8	1	167										
15	15	57	0.5	1/4	1/4	Chord	4/4	3	1	1/8			1/8	1	168										
15	15	115/2	0.5	3/8	3/8	Chord	4/4	3	1	1/8			1/8	1	169										
15	15	58	0.0	1/2	1/2	FiguredBass	4/4	3	1	0										1/2	5/_				
15	15	58	0.5	1/2	1/2	Chord	4/4	3	1	1/8			1/8	1	170										
15	15	117/2	0.5	5/8	5/8	Chord	4/4	3	1	1/8			1/8	1	171										
15	15	59	0.5	3/4	3/4	Chord	4/4	3	1	1/8			1/8	1	172										
15	15	119/2	0.5	7/8	7/8	Chord	4/4	3	1	1/8			1/8	1	173										
16	16	60	2.0	0	0	Chord	4/4	1	1	1/2			1/2	1	174										
16	16	62	2.0	1/2	1/2	Chord	4/4	1	1	1/2			1/2	1	175										
16	16	60	2.0	0	0	Chord	4/4	2	1	1/2			1/2	1	176										
16	16	62	2.0	1/2	1/2	Chord	4/4	2	1	1/2			1/2	1	177	ornamentShortTrill									
16	16	60	0.0	0	0	FiguredBass	4/4	3	1	0										1/2	3	2_			
16	16	60	0.5	0	0	Chord	4/4	3	1	1/8			1/8	1	178										
16	16	121/2	0.5	1/8	1/8	Chord	4/4	3	1	1/8			1/8	1	179										
16	16	61	0.5	1/4	1/4	Chord	4/4	3	1	1/8			1/8	1	180										
16	16	123/2	0.5	3/8	3/8	Chord	4/4	3	1	1/8			1/8	1	181										
16	16	62	0.0	1/2	1/2	FiguredBass	4/4	3	1	0										1/2	6_				
16	16	62	0.5	1/2	1/2	Chord	4/4	3	1	1/8			1/8	1	182										
16	16	125/2	0.5	5/8	5/8	Chord	4/4	3	1	1/8			1/8	1	183										
16	16	63	0.5	3/4	3/4	Chord	4/4	3	1	1/8			1/8	1	184										
16	16	127/2	0.5	7/8	7/8	Chord	4/4	3	1	1/8			1/8	1	185										
17	17	64	2.0	0	0	Chord	4/4	1	1	1/2			1/2	1	186	ornamentShortTrill									
17	17	64	2.0	0	0	Chord	4/4	2	1	1/2			1/2	1	187										
17	17	66	2.0	1/2	1/2	Chord	4/4	2	1	1/2			1/2	1	188										
17	17	64	0.0	0	0	FiguredBass	4/4	3	1	0										1/2	#3_				
17	17	64	0.5	0	0	Chord	4/4	3	1	1/8			1/8	1	189										
17	17	129/2	0.5	1/8	1/8	Chord	4/4	3	1	1/8			1/8	1	190										
17	17	65	0.5	1/4	1/4	Chord	4/4	3	1	1/8			1/8	1	191										
17	17	131/2	0.5	3/8	3/8	Chord	4/4	3	1	1/8			1/8	1	192										
17	17	66	0.0	1/2	1/2	FiguredBass	4/4	3	1	0										1/2	6_				
17	17	66	0.5	1/2	1/2	Chord	4/4	3	1	1/8			1/8	1	193										
17	17	133/2	0.5	5/8	5/8	Chord	4/4	3	1	1/8			1/8	1	194										
17	17	67	0.5	3/4	3/4	Chord	4/4	3	1	1/8			1/8	1	195										
17	17	135/2	0.5	7/8	7/8	Chord	4/4	3	1	1/8			1/8	1	196										
18	18	68	2.0	0	0	Chord	4/4	1	1	1/2			1/2	1	197										
18	18	70	2.0	1/2	1/2	Chord	4/4	1	1	1/2			1/2	1	198										
18	18	68	2.0	0	0	Chord	4/4	2	1	1/2			1/2	1	199										
18	18	70	2.0	1/2	1/2	Chord	4/4	2	1	1/2			1/2	1	200										
18	18	68	0.0	0	0	FiguredBass	4/4	3	1	0										1/2	#3	2_			
18	18	68	0.5	0	0	Chord	4/4	3	1	1/8			1/8	1	201										
18	18	137/2	0.5	1/8	1/8	Chord	4/4	3	1	1/8			1/8	1	202										
18	18	69	0.5	1/4	1/4	Chord	4/4	3	1	1/8			1/8	1	203										
18	18	139/2	0.5	3/8	3/8	Chord	4/4	3	1	1/8			1/8	1	204										
18	18	70	0.0	1/2	1/2	FiguredBass	4/4	3	1	0										1/2	#5_				
18	18	70	0.5	1/2	1/2	Chord	4/4	3	1	1/8			1/8	1	205										
18	18	141/2	0.5	5/8	5/8	Chord	4/4	3	1	1/8			1/8	1	206										
18	18	71	0.5	3/4	3/4	Chord	4/4	3	1	1/8			1/8	1	207										
18	18	143/2	0.5	7/8	7/8	Chord	4/4	3	1	1/8			1/8	1	208										
19	19	72	1.0	0	0	Chord	4/4	1	1	1/4			1/4	1	209										
19	19	73	1.0	1/4	1/4	Chord	4/4	1	1	1/4			1/4	1	210										
19	19	74	1.5	1/2	1/2	Chord	4/4	1	1	3/8			1/4	3/2	211										
19	19	151/2	0.5	7/8	7/8	Chord	4/4	1	1	1/8			1/8	1	212										
19	19	72	2.0	0	0	Chord	4/4	2	1	1/2			1/2	1	213										
19	19	74	2.0	1/2	1/2	Chord	4/4	2	1	1/2			1/2	1	214										
19	19	72	0.0	0	0	FiguredBass	4/4	3	1	0										1/2	7	#3_			
19	19	72	0.5	0	0	Chord	4/4	3	1	1/8			1/8	1	215										
19	19	145/2	0.5	1/8	1/8	Chord	4/4	3	1	1/8			1/8	1	216										
19	19	73	0.5	1/4	1/4	Chord	4/4	3	1	1/8			1/8	1	217										
19	19	147/2	0.5	3/8	3/8	Chord	4/4	3	1	1/8			1/8	1	218										
19	19	74	0.0	1/2	1/2	FiguredBass	4/4	3	1	0										1/2	_				
19	19	74	0.5	1/2	1/2	Chord	4/4	3	1	1/8			1/8	1	219										
19	19	149/2	0.5	5/8	5/8	Chord	4/4	3	1	1/8			1/8	1	220										
19	19	75	0.5	3/4	3/4	Chord	4/4	3	1	1/8			1/8	1	221										
19	19	151/2	0.5	7/8	7/8	Chord	4/4	3	1	1/8			1/8	1	222										
20	20	76	0.5	0	0	Chord	4/4	1	1	1/8			1/8	1	223										
20	20	153/2	0.5	1/8	1/8	Chord	4/4	1	1	1/8			1/8	1	224										
20	20	77	0.5	1/4	1/4	Chord	4/4	1	1	1/8			1/8	1	225										
20	20	155/2	0.5	3/8	3/8	Chord	4/4	1	1	1/8			1/8	1	226										
20	20	78	0.5	1/2	1/2	Chord	4/4	1	1	1/8			1/8	1	227										
20	20	157/2	0.5	5/8	5/8	Chord	4/4	1	1	1/8			1/8	1	228										
20	20	79	0.5	3/4	3/4	Chord	4/4	1	1	1/8			1/8	1	229										
20	20	159/2	0.5	7/8	7/8	Chord	4/4	1	1	1/8			1/8	1	230										
20	20	76	1.0	0	0	Chord	4/4	2	1	1/4			1/4	1	231										
20	20	77	2.0	1/4	1/4	Chord	4/4	2	1	1/2			1/2	1	232										
20	20	79	1.0	3/4	3/4	Chord	4/4	2	1	1/4			1/4	1	233										
20	20	76	0.0	0	0	FiguredBass	4/4	3	1	0										1/2	7_				
20	20	76	0.5	0	0	Chord	4/4	3	1	1/8			1/8	1	234										
20	20	153/2	0.5	1/8	1/8	Chord	4/4	3	1	1/8			1/8	1	235										
20	20	77	0.5	1/4	1/4	Chord	4/4	3	1	1/8			1/8	1	236										
20	20	155/2	0.5	3/8	3/8	Chord	4/4	3	1	1/8			1/8	1	237										
20	20	78	0.0	1/2	1/2	FiguredBass	4/4	3	1	0										1/4	5	4			
20	20	78	1.0	1/2	1/2	Chord	4/4	3	1	1/4			1/4	1	238										
20	20	79	0.0	3/4	3/4	FiguredBass	4/4	3	1	0										1/4	h3				
20	20	79	1.0	3/4	3/4	Chord	4/4	3	1	1/4			1/4	1	239										
21	21	80	1.0	0	0	Chord	4/4	1	1	1/4			1/4	1	240	ornamentShortTrill									
21	21	81	1.0	1/4	1/4	Chord	4/4	1	1	1/4			1/4	1	241										
21	21	82	2.0	1/2	1/2	Chord	4/4	1	1	1/2			1/2	1	242										
21	21	80	2.0	0	0	Chord	4/4	2	1	1/2			1/2	1	243										
21	21	82	2.0	1/2	1/2	Chord	4/4	2	1	1/2			1/2	1	244										
21	21	80	0.0	0	0	FiguredBass	4/4	3	1	0										1/2	7	#5	3	2_	
21	21	80	0.5	0	0	Chord	4/4	3	1	1/8			1/8	1	245										
21	21	161/2	0.5	1/8	1/8	Chord	4/4	3	1	1/8			1/8	1	246										
21	21	81	0.5	1/4	1/4	Chord	4/4	3	1	1/8			1/8	1	247										
21	21	163/2	0.5	3/8	3/8	Chord	4/4	3	1	1/8			1/8	1	248										
21	21	82	0.0	1/2	1/2	FiguredBass	4/4	3	1	0										1/2	3_				
21	21	82	0.5	1/2	1/2	Chord	4/4	3	1	1/8			1/8	1	249										
21	21	165/2	0.5	5/8	5/8	Chord	4/4	3	1	1/8			1/8	1	250										
21	21	83	0.5	3/4	3/4	Chord	4/4	3	1	1/8			1/8	1	251										
21	21	167/2	0.5	7/8	7/8	Chord	4/4	3	1	1/8			1/8	1	252										
22	22	84	2.0	0	0	Chord	4/4	1	1	1/2			1/2	1	253										
22	22	86	2.0	1/2	1/2	Chord	4/4	1	1	1/2			1/2	1	254										
22	22	84	4.0	0	0	Chord	4/4	2	1	1			1	1	255										
22	22	84	0.0	0	0	FiguredBass	4/4	3	1	0										1/2	8	7	h3	2_	
22	22	84	0.5	0	0	Chord	4/4	3	1	1/8			1/8	1	256										
22	22	169/2	0.5	1/8	1/8	Chord	4/4	3	1	1/8			1/8	1	257										
22	22	85	0.5	1/4	1/4	Chord	4/4	3	1	1/8			1/8	1	258										
22	22	171/2	0.5	3/8	3/8	Chord	4/4	3	1	1/8			1/8	1	259										
22	22	86	0.0	1/2	1/2	FiguredBass	4/4	3	1	0										1/2	6_				
22	22	86	0.5	1/2	1/2	Chord	4/4	3	1	1/8			1/8	1	260										
22	22	173/2	0.5	5/8	5/8	Chord	4/4	3	1	1/8			1/8	1	261										
22	22	87	0.5	3/4	3/4	Chord	4/4	3	1	1/8			1/8	1	262										
22	22	175/2	0.5	7/8	7/8	Chord	4/4	3	1	1/8			1/8	1	263										
23	23	88	2.0	0	0	Chord	4/4	1	1	1/2			1/2	1	264										
23	23	90	2.0	1/2	1/2	Chord	4/4	1	1	1/2			1/2	1	265										
23	23	88	2.0	0	0	Chord	4/4	2	1	1/2			1/2	1	266	ornamentShortTrill									
23	23	90	2.0	1/2	1/2	Chord	4/4	2	1	1/2			1/2	1	267										
23	23	88	0.0	0	0	FiguredBass	4/4	3	1	0										1/2	7	#3_			
23	23	88	0.5	0	0	Chord	4/4	3	1	1/8			1/8	1	268										
23	23	177/2	0.5	1/8	1/8	Chord	4/4	3	1	1/8			1/8	1	269										
23	23	89	0.5	1/4	1/4	Chord	4/4	3	1	1/8			1/8	1	270										
23	23	179/2	0.5	3/8	3/8	Chord	4/4	3	1	1/8			1/8	1	271										
23	23	90	0.0	1/2	1/2	FiguredBass	4/4	3	1	0										1/2	5_				
23	23	90	0.5	1/2	1/2	Chord	4/4	3	1	1/8			1/8	1	272										
23	23	181/2	0.5	5/8	5/8	Chord	4/4	3	1	1/8			1/8	1	273										
23	23	91	0.5	3/4	3/4	Chord	4/4	3	1	1/8			1/8	1	274										
23	23	183/2	0.5	7/8	7/8	Chord	4/4	3	1	1/8			1/8	1	275										
24	24	92	1.5	0	0	Chord	4/4	1	1	3/8			1/4	3/2	276										
24	24	187/2	0.5	3/8	3/8	Chord	4/4	1	1	1/8			1/8	1	277										
24	24	94	1.5	1/2	1/2	Chord	4/4	1	1	3/8			1/4	3/2	278	ornamentShortTrill									
24	24	191/2	0.5	7/8	7/8	Chord	4/4	1	1	1/8			1/8	1	279										
24	24	92	2.0	0	0	Chord	4/4	2	1	1/2			1/2	1	280										14
24	24	94	1.5	1/2	1/2	Chord	4/4	2	1	3/8			1/4	3/2	281	ornamentShortTrill									
24	24	191/2	0.5	7/8	7/8	Chord	4/4	2	1	1/8			1/8	1	282										
24	24	92	0.0	0	0	FiguredBass	4/4	3	1	0										1/2	7	5	2_		
24	24	92	0.5	0	0	Chord	4/4	3	1	1/8			1/8	1	283										
24	24	185/2	0.5	1/8	1/8	Chord	4/4	3	1	1/8			1/8	1	284										
24	24	93	0.5	1/4	1/4	Chord	4/4	3	1	1/8			1/8	1	285										
24	24	187/2	0.5	3/8	3/8	Chord	4/4	3	1	1/8			1/8	1	286										
24	24	94	0.0	1/2	1/2	FiguredBass	4/4	3	1	0										1/2	#3				
24	24	94	2.0	1/2	1/2	Chord	4/4	3	1	1/2			1/2	1	287										
25	25	96	0.5	0	0	Chord	4/4	1	1	1/8			1/8	1	288										
25	25	193/2	0.5	1/8	1/8	Chord	4/4	1	1	1/8			1/8	1	289										
25	25	97	0.5	1/4	1/4	Chord	4/4	1	1	1/8			1/8	1	290										
25	25	195/2	0.5	3/8	3/8	Chord	4/4	1	1	1/8			1/8	1	291										
25	25	98	2.0	1/2	1/2	Chord	4/4	1	1	1/2			1/2	1	292										
25	25	96	2.0	0	0	Chord	4/4	2	1	1/2			1/2	1	293										
25	25	98	0.5	1/2	1/2	Chord	4/4	2	1	1/8			1/8	1	294										
25	25	197/2	0.5	5/8	5/8	Chord	4/4	2	1	1/8			1/8	1	295										
25	25	99	0.5	3/4	3/4	Chord	4/4	2	1	1/8			1/8	1	296										
25	25	199/2	0.5	7/8	7/8	Chord	4/4	2	1	1/8			1/8	1	297										
25	25	96	2.0	0	0	Chord	4/4	3	1	1/2			1/2	1	298										
25	25	98	2.0	1/2	1/2	Chord	4/4	3	1	1/2			1/2	1	299										
26	26	100	0.5	0	0	Chord	4/4	1	1	1/8			1/8	1	300										
26	26	201/2	0.5	1/8	1/8	Chord	4/4	1	1	1/8			1/8	1	301										
26	26	101	0.5	1/4	1/4	Chord	4/4	1	1	1/8			1/8	1	302										
26	26	203/2	0.5	3/8	3/8	Chord	4/4	1	1	1/8			1/8	1	303										
26	26	102	2.0	1/2	1/2	Chord	4/4	1	1	1/2			1/2	1	304										
26	26	100	2.0	0	0	Chord	4/4	2	1	1/2			1/2	1	305										
26	26	102	0.5	1/2	1/2	Chord	4/4	2	1	1/8			1/8	1	306										
26	26	205/2	0.5	5/8	5/8	Chord	4/4	2	1	1/8			1/8	1	307										
26	26	103	0.5	3/4	3/4	Chord	4/4	2	1	1/8			1/8	1	308										
26	26	207/2	0.5	7/8	7/8	Chord	4/4	2	1	1/8			1/8	1	309										
26	26	100	0.0	0	0	FiguredBass	4/4	3	1	0										1/2	6	5/			
26	26	100	2.0	0	0	Chord	4/4	3	1	1/2			1/2	1	310										
26	26	102	2.0	1/2	1/2	Chord	4/4	3	1	1/2			1/2	1	311										
27	27	104	0.5	0	0	Chord	4/4	1	1	1/8			1/8	1	312										
27	27	209/2	0.5	1/8	1/8	Chord	4/4	1	1	1/8			1/8	1	313										
27	27	105	0.5	1/4	1/4	Chord	4/4	1	1	1/8			1/8	1	314										
27	27	211/2	0.5	3/8	3/8	Chord	4/4	1	1	1/8			1/8	1	315										
27	27	106	2.0	1/2	1/2	Chord	4/4	1	1	1/2			1/2	1	316										
27	27	104	2.0	0	0	Chord	4/4	2	1	1/2			1/2	1	317										
27	27	106	0.5	1/2	1/2	Chord	4/4	2	1	1/8			1/8	1	318										
27	27	213/2	0.5	5/8	5/8	Chord	4/4	2	1	1/8			1/8	1	319										
27	27	107	0.5	3/4	3/4	Chord	4/4	2	1	1/8			1/8	1	320										
27	27	215/2	0.5	7/8	7/8	Chord	4/4	2	1	1/8			1/8	1	321										
27	27	104	0.0	0	0	FiguredBass	4/4	3	1	0										1/2	6	5			
27	27	104	2.0	0	0	Chord	4/4	3	1	1/2			1/2	1	322										
27	27	106	0.0	1/2	1/2	FiguredBass	4/4	3	1	0										1/2	5/				
27	27	106	2.0	1/2	1/2	Chord	4/4	3	1	1/2			1/2	1	323										
28	28	108	0.5	0	0	Chord	4/4	1	1	1/8			1/8	1	324										
28	28	217/2	0.5	1/8	1/8	Chord	4/4	1	1	1/8			1/8	1	325										
28	28	109	0.5	1/4	1/4	Chord	4/4	1	1	1/8			1/8	1	326										
28	28	219/2	0.5	3/8	3/8	Chord	4/4	1	1	1/8			1/8	1	327										
28	28	110	2.0	1/2	1/2	Chord	4/4	1	1	1/2			1/2	1	328										
28	28	108	2.0	0	0	Chord	4/4	2	1	1/2			1/2	1	329										
28	28	110	0.5	1/2	1/2	Chord	4/4	2	1	1/8			1/8	1	330										
28	28	221/2	0.5	5/8	5/8	Chord	4/4	2	1	1/8			1/8	1	331										
28	28	111	0.5	3/4	3/4	Chord	4/4	2	1	1/8			1/8	1	332										
28	28	223/2	0.5	7/8	7/8	Chord	4/4	2	1	1/8			1/8	1	333										
28	28	108	0.0	0	0	FiguredBass	4/4	3	1	0										1/2	3	2			
28	28	108	2.0	0	0	Chord	4/4	3	1	1/2			1/2	1	334										
28	28	110	0.0	1/2	1/2	FiguredBass	4/4	3	1	0										1/2	3				
28	28	110	2.0	1/2	1/2	Chord	4/4	3	1	1/2			1/2	1	335										
29	29	112	0.5	0	0	Chord	4/4	1	1	1/8			1/8	1	336										
29	29	225/2	0.5	1/8	1/8	Chord	4/4	1	1	1/8			1/8	1	337										
29	29	113	0.5	1/4	1/4	Chord	4/4	1	1	1/8			1/8	1	338										
29	29	227/2	0.5	3/8	3/8	Chord	4/4	1	1	1/8			1/8	1	339										
29	29	114	0.5	1/2	1/2	Chord	4/4	1	1	1/8			1/8	1	340										
29	29	229/2	0.5	5/8	5/8	Chord	4/4	1	1	1/8			1/8	1	341										
29	29	115	0.5	3/4	3/4	Chord	4/4	1	1	1/8			1/8	1	342										
29	29	231/2	0.5	7/8	7/8	Chord	4/4	1	1	1/8			1/8	1	343										
29	29	112	1.0	0	0	Chord	4/4	2	1	1/4			1/4	1	344	ornamentShortTrill									
29	29	114	2.0	1/2	1/2	Chord	4/4	2	1	1/2			1/2	1	345										
29	29	112	0.0	0	0	FiguredBass	4/4	3	1	0										1/2	5	4			
29	29	112	2.0	0	0	Chord	4/4	3	1	1/2			1/2	1	346										
29	29	114	0.0	1/2	1/2	FiguredBass	4/4	3	1	0										1/2	3				
29	29	114	2.0	1/2	1/2	Chord	4/4	3	1	1/2			1/2	1	347										
30	30	116	2.0	0	0	Chord	4/4	1	1	1/2			1/2	1	348										
30	30	118	2.0	1/2	1/2	Chord	4/4	1	1	1/2			1/2	1	349	ornamentShortTrill									
30	30	116	2.0	0	0	Chord	4/4	2	1	1/2			1/2	1	350										
30	30	118	2.0	1/2	1/2	Chord	4/4	2	1	1/2			1/2	1	351										
30	30	116	0.0	0	0	FiguredBass	4/4	3	1	0										1/2	3	2_			
30	30	116	0.5	0	0	Chord	4/4	3	1	1/8			1/8	1	352										
30	30	233/2	0.5	1/8	1/8	Chord	4/4	3	1	1/8			1/8	1	353										
30	30	117	0.5	1/4	1/4	Chord	4/4	3	1	1/8			1/8	1	354										
30	30	235/2	0.5	3/8	3/8	Chord	4/4	3	1	1/8			1/8	1	355										
30	30	118	0.0	1/2	1/2	FiguredBass	4/4	3	1	0										1/2	6_				
30	30	118	0.5	1/2	1/2	Chord	4/4	3	1	1/8			1/8	1	356										
30	30	237/2	0.5	5/8	5/8	Chord	4/4	3	1	1/8			1/8	1	357										
30	30	119	0.5	3/4	3/4	Chord	4/4	3	1	1/8			1/8	1	358										
30	30	239/2	0.5	7/8	7/8	Chord	4/4	3	1	1/8			1/8	1	359										
31	31	120	2.0	0	0	Chord	4/4	1	1	1/2			1/2	1	360										
31	31	122	2.0	1/2	1/2	Chord	4/4	1	1	1/2			1/2	1	361										
31	31	120	2.0	0	0	Chord	4/4	2	1	1/2			1/2	1	362										
31	31	122	2.0	1/2	1/2	Chord	4/4	2	1	1/2			1/2	1	363										
31	31	120	0.0	0	0	FiguredBass	4/4	3	1	0										1/2	5	4_			
31	31	120	0.5	0	0	Chord	4/4	3	1	1/8			1/8	1	364										
31	31	241/2	0.5	1/8	1/8	Chord	4/4	3	1	1/8			1/8	1	365										
31	31	121	0.5	1/4	1/4	Chord	4/4	3	1	1/8			1/8	1	366										
31	31	243/2	0.5	3/8	3/8	Chord	4/4	3	1	1/8			1/8	1	367										
31	31	122	0.0	1/2	1/2	FiguredBass	4/4	3	1	0										1/2	6_				
31	31	122	0.5	1/2	1/2	Chord	4/4	3	1	1/8			1/8	1	368										
31	31	245/2	0.5	5/8	5/8	Chord	4/4	3	1	1/8			1/8	1	369										
31	31	123	0.5	3/4	3/4	Chord	4/4	3	1	1/8			1/8	1	370										
31	31	247/2	0.5	7/8	7/8	Chord	4/4	3	1	1/8			1/8	1	371										
32	32	124	2.0	0	0	Chord	4/4	1	1	1/2			1/2	1	372										
32	32	126	2.0	1/2	1/2	Chord	4/4	1	1	1/2			1/2	1	373										
32	32	124	2.0	0	0	Chord	4/4	2	1	1/2			1/2	1	374										
32	32	126	2.0	1/2	1/2	Chord	4/4	2	1	1/2			1/2	1	375										
32	32	124	0.0	0	0	FiguredBass	4/4	3	1	0										1/2	5	4_			
32	32	124	0.5	0	0	Chord	4/4	3	1	1/8			1/8	1	376										
32	32	249/2	0.5	1/8	1/8	Chord	4/4	3	1	1/8			1/8	1	377										
32	32	125	0.5	1/4	1/4	Chord	4/4	3	1	1/8			1/8	1	378										
32	32	251/2	0.5	3/8	3/8	Chord	4/4	3	1	1/8			1/8	1	379										
32	32	126	0.0	1/2	1/2	FiguredBass	4/4	3	1	0										1/2	3_				
32	32	126	0.5	1/2	1/2	Chord	4/4	3	1	1/8			1/8	1	380										
32	32	253/2	0.5	5/8	5/8	Chord	4/4	3	1	1/8			1/8	1	381										
32	32	127	0.5	3/4	3/4	Chord	4/4	3	1	1/8			1/8	1	382										
32	32	255/2	0.5	7/8	7/8	Chord	4/4	3	1	1/8			1/8	1	383										
33	33	128	2.0	0	0	Chord	4/4	1	1	1/2			1/2	1	384										
33	33	130	1.5	1/2	1/2	Chord	4/4	1	1	3/8			1/4	3/2	385	ornamentShortTrill									
33	33	263/2	0.5	7/8	7/8	Chord	4/4	1	1	1/8			1/8	1	386										
33	33	128	1.0	0	0	Chord	4/4	2	1	1/4			1/4	1	387	ornamentShortTrill									
33	33	129	1.0	1/4	1/4	Chord	4/4	2	1	1/4			1/4	1	388										
33	33	130	2.0	1/2	1/2	Chord	4/4	2	1	1/2			1/2	1	389										
33	33	128	0.0	0	0	FiguredBass	4/4	3	1	0										1/2	7_				
33	33	128	0.5	0	0	Chord	4/4	3	1	1/8			1/8	1	390										
33	33	257/2	0.5	1/8	1/8	Chord	4/4	3	1	1/8			1/8	1	391										
33	33	129	0.5	1/4	1/4	Chord	4/4	3	1	1/8			1/8	1	392										
33	33	259/2	0.5	3/8	3/8	Chord	4/4	3	1	1/8			1/8	1	393										
33	33	130	0.0	1/2	1/2	FiguredBass	4/4	3	1	0										1/2	3_				
33	33	130	0.5	1/2	1/2	Chord	4/4	3	1	1/8			1/8	1	394										
33	33	261/2	0.5	5/8	5/8	Chord	4/4	3	1	1/8			1/8	1	395										
33	33	131	0.5	3/4	3/4	Chord	4/4	3	1	1/8			1/8	1	396										
33	33	263/2	0.5	7/8	7/8	Chord	4/4	3	1	1/8			1/8	1	397										
34	34	132	2.0	0	0	Chord	4/4	1	1	1/2			1/2	1	398										15
34	34	134	1.5	1/2	1/2	Chord	4/4	1	1	3/8			1/4	3/2	399	ornamentShortTrill									
34	34	271/2	0.5	7/8	7/8	Chord	4/4	1	1	1/8			1/8	1	400										
34	34	132	2.0	0	0	Chord	4/4	2	1	1/2			1/2	1	401										16
34	34	134	1.5	1/2	1/2	Chord	4/4	2	1	3/8			1/4	3/2	402	ornamentShortTrill									
34	34	271/2	0.5	7/8	7/8	Chord	4/4	2	1	1/8			1/8	1	403										
34	34	132	0.0	0	0	FiguredBass	4/4	3	1	0										1/2	6	4_			
34	34	132	0.5	0	0	Chord	4/4	3	1	1/8			1/8	1	404										
34	34	265/2	0.5	1/8	1/8	Chord	4/4	3	1	1/8			1/8	1	405										
34	34	133	0.5	1/4	1/4	Chord	4/4	3	1	1/8			1/8	1	406										
34	34	267/2	0.5	3/8	3/8	Chord	4/4	3	1	1/8			1/8	1	407										
34	34	134	0.0	1/2	1/2	FiguredBass	4/4	3	1	0										1/2	3				
34	34	134	2.0	1/2	1/2	Chord	4/4	3	1	1/2			1/2	1	408										
35	35	136	0.5	0	0	Chord	4/4	1	1	1/8			1/8	1	409										
35	35	273/2	0.5	1/8	1/8	Chord	4/4	1	1	1/8			1/8	1	410										
35	35	137	0.5	1/4	1/4	Chord	4/4	1	1	1/8			1/8	1	411										
35	35	275/2	0.5	3/8	3/8	Chord	4/4	1	1	1/8			1/8	1	412										
35	35	138	0.5	1/2	1/2	Chord	4/4	1	1	1/8			1/8	1	413										
35	35	277/2	0.5	5/8	5/8	Chord	4/4	1	1	1/8			1/8	1	414										
35	35	139	0.5	3/4	3/4	Chord	4/4	1	1	1/8			1/8	1	415										
35	35	279/2	0.5	7/8	7/8	Chord	4/4	1	1	1/8			1/8	1	416										
35	35	136	2.0	0	0	Chord	4/4	2	1	1/2			1/2	1	417										
35	35	136	2.0	0	0	Chord	4/4	3	1	1/2			1/2	1	418										
36	36	140	1.0	0	0	Chord	4/4	1	1	1/4			1/4	1	419										
36	36	142	2.0	1/2	1/2	Chord	4/4	1	1	1/2			1/2	1	420										
36	36	140	0.5	0	0	Chord	4/4	2	1	1/8			1/8	1	421										
36	36	281/2	0.5	1/8	1/8	Chord	4/4	2	1	1/8			1/8	1	422										
36	36	141	0.5	1/4	1/4	Chord	4/4	2	1	1/8			1/8	1	423										
36	36	283/2	0.5	3/8	3/8	Chord	4/4	2	1	1/8			1/8	1	424										
36	36	142	0.5	1/2	1/2	Chord	4/4	2	1	1/8			1/8	1	425										
36	36	285/2	0.5	5/8	5/8	Chord	4/4	2	1	1/8			1/8	1	426										
36	36	143	0.5	3/4	3/4	Chord	4/4	2	1	1/8			1/8	1	427										
36	36	287/2	0.5	7/8	7/8	Chord	4/4	2	1	1/8			1/8	1	428										
37	37	144	2.0	0	0	Chord	4/4	1	1	1/2			1/2	1	429										
37	37	146	2.0	1/2	1/2	Chord	4/4	1	1	1/2			1/2	1	430										
37	37	144	0.5	0	0	Chord	4/4	2	1	1/8			1/8	1	431										
37	37	289/2	0.5	1/8	1/8	Chord	4/4	2	1	1/8			1/8	1	432										
37	37	145	0.5	1/4	1/4	Chord	4/4	2	1	1/8			1/8	1	433										
37	37	291/2	0.5	3/8	3/8	Chord	4/4	2	1	1/8			1/8	1	434										
37	37	146	0.5	1/2	1/2	Chord	4/4	2	1	1/8			1/8	1	435										
37	37	293/2	0.5	5/8	5/8	Chord	4/4	2	1	1/8			1/8	1	436										
37	37	147	0.5	3/4	3/4	Chord	4/4	2	1	1/8			1/8	1	437										
37	37	295/2	0.5	7/8	7/8	Chord	4/4	2	1	1/8			1/8	1	438										
37	37	144	0.0	0	0	FiguredBass	4/4	3	1	0										1/2	7				
37	37	144	4.0	0	0	Chord	4/4	3	1	1			1	1	439										
37	37	146	0.0	1/2	1/2	FiguredBass	4/4	3	1	0										1/2	6				
38	38	148	2.0	0	0	Chord	4/4	1	1	1/2			1/2	1	440										
38	38	150	2.0	1/2	1/2	Chord	4/4	1	1	1/2			1/2	1	441										
38	38	148	0.5	0	0	Chord	4/4	2	1	1/8			1/8	1	442										
38	38	297/2	0.5	1/8	1/8	Chord	4/4	2	1	1/8			1/8	1	443										
38	38	149	0.5	1/4	1/4	Chord	4/4	2	1	1/8			1/8	1	444										
38	38	299/2	0.5	3/8	3/8	Chord	4/4	2	1	1/8			1/8	1	445										
38	38	150	0.5	1/2	1/2	Chord	4/4	2	1	1/8			1/8	1	446										
38	38	301/2	0.5	5/8	5/8	Chord	4/4	2	1	1/8			1/8	1	447										
38	38	151	0.5	3/4	3/4	Chord	4/4	2	1	1/8			1/8	1	448										
38	38	303/2	0.5	7/8	7/8	Chord	4/4	2	1	1/8			1/8	1	449										
38	38	148	0.0	0	0	FiguredBass	4/4	3	1	0										1/2	7				
38	38	148	4.0	0	0	Chord	4/4	3	1	1			1	1	450										
38	38	150	0.0	1/2	1/2	FiguredBass	4/4	3	1	0										1/2	6	4			
39	39	152	2.0	0	0	Chord	4/4	1	1	1/2			1/2	1	451										
39	39	154	2.0	1/2	1/2	Chord	4/4	1	1	1/2			1/2	1	452										
39	39	152	0.5	0	0	Chord	4/4	2	1	1/8			1/8	1	453										
39	39	305/2	0.5	1/8	1/8	Chord	4/4	2	1	1/8			1/8	1	454										
39	39	153	0.5	1/4	1/4	Chord	4/4	2	1	1/8			1/8	1	455										
39	39	307/2	0.5	3/8	3/8	Chord	4/4	2	1	1/8			1/8	1	456										
39	39	154	0.5	1/2	1/2	Chord	4/4	2	1	1/8			1/8	1	457										
39	39	309/2	0.5	5/8	5/8	Chord	4/4	2	1	1/8			1/8	1	458										
39	39	155	0.5	3/4	3/4	Chord	4/4	2	1	1/8			1/8	1	459										
39	39	311/2	0.5	7/8	7/8	Chord	4/4	2	1	1/8			1/8	1	460										
39	39	152	0.0	0	0	FiguredBass	4/4	3	1	0										1/2	7				
39	39	152	4.0	0	0	Chord	4/4	3	1	1			1	1	461										
39	39	154	0.0	1/2	1/2	FiguredBass	4/4	3	1	0										1/2	6				
40	40	156	2.0	0	0	Chord	4/4	1	1	1/2			1/2	1	462										
40	40	158	2.0	1/2	1/2	Chord	4/4	1	1	1/2			1/2	1	463										
40	40	156	0.5	0	0	Chord	4/4	2	1	1/8			1/8	1	464										
40	40	313/2	0.5	1/8	1/8	Chord	4/4	2	1	1/8			1/8	1	465										
40	40	157	0.5	1/4	1/4	Chord	4/4	2	1	1/8			1/8	1	466										
40	40	315/2	0.5	3/8	3/8	Chord	4/4	2	1	1/8			1/8	1	467										
40	40	158	0.5	1/2	1/2	Chord	4/4	2	1	1/8			1/8	1	468										
40	40	317/2	0.5	5/8	5/8	Chord	4/4	2	1	1/8			1/8	1	469										
40	40	159	0.5	3/4	3/4	Chord	4/4	2	1	1/8			1/8	1	470										
40	40	319/2	0.5	7/8	7/8	Chord	4/4	2	1	1/8			1/8	1	471										
40	40	156	0.0	0	0	FiguredBass	4/4	3	1	0										1/2	7				
40	40	156	4.0	0	0	Chord	4/4	3	1	1			1	1	472										
40	40	158	0.0	1/2	1/2	FiguredBass	4/4	3	1	0										1/2	6				
41	41	160	2.0	0	0	Chord	4/4	1	1	1/2			1/2	1	473										17
41	41	162	2.0	1/2	1/2	Chord	4/4	1	1	1/2			1/2	1	474	ornamentShortTrill									
41	41	160	0.5	0	0	Chord	4/4	2	1	1/8			1/8	1	475										
41	41	321/2	0.5	1/8	1/8	Chord	4/4	2	1	1/8			1/8	1	476										
41	41	161	0.5	1/4	1/4	Chord	4/4	2	1	1/8			1/8	1	477										
41	41	323/2	0.5	3/8	3/8	Chord	4/4	2	1	1/8			1/8	1	478										
41	41	162	0.5	1/2	1/2	Chord	4/4	2	1	1/8			1/8	1	479										
41	41	325/2	0.5	5/8	5/8	Chord	4/4	2	1	1/8			1/8	1	480										
41	41	163	0.5	3/4	3/4	Chord	4/4	2	1	1/8			1/8	1	481										
41	41	327/2	0.5	7/8	7/8	Chord	4/4	2	1	1/8			1/8	1	482										
41	41	160	0.0	0	0	FiguredBass	4/4	3	1	0										1/2	7				
41	41	160	2.0	0	0	Chord	4/4	3	1	1/2			1/2	1	483										
41	41	162	0.0	1/2	1/2	FiguredBass	4/4	3	1	0										1/2	6				
41	41	162	2.0	1/2	1/2	Chord	4/4	3	1	1/2			1/2	1	484	ornamentShortTrill									
42	42	164	0.5	0	0	Chord	4/4	1	1	1/8			1/8	1	485	ornamentPrecompSlide									
42	42	329/2	0.5	1/8	1/8	Chord	4/4	1	1	1/8			1/8	1	486										
42	42	165	0.5	1/4	1/4	Chord	4/4	1	1	1/8			1/8	1	487										
42	42	331/2	0.5	3/8	3/8	Chord	4/4	1	1	1/8			1/8	1	488										
42	42	166	0.5	1/2	1/2	Chord	4/4	1	1	1/8			1/8	1	489										
42	42	333/2	0.5	5/8	5/8	Chord	4/4	1	1	1/8			1/8	1	490										
42	42	167	0.5	3/4	3/4	Chord	4/4	1	1	1/8			1/8	1	491										
42	42	335/2	0.5	7/8	7/8	Chord	4/4	1	1	1/8			1/8	1	492										
42	42	164	2.0	0	0	Chord	4/4	2	1	1/2			1/2	1	493	ornamentShortTrill									
42	42	166	2.0	1/2	1/2	Chord	4/4	2	1	1/2			1/2	1	494										
42	42	164	2.0	0	0	Chord	4/4	3	1	1/2			1/2	1	495										
43	43	168	0.5	0	0	Chord	4/4	1	1	1/8			1/8	1	496										
43	43	337/2	0.5	1/8	1/8	Chord	4/4	1	1	1/8			1/8	1	497										
43	43	169	0.5	1/4	1/4	Chord	4/4	1	1	1/8			1/8	1	498										
43	43	339/2	0.5	3/8	3/8	Chord	4/4	1	1	1/8			1/8	1	499										
43	43	170	0.5	1/2	1/2	Chord	4/4	1	1	1/8			1/8	1	500										
43	43	341/2	0.5	5/8	5/8	Chord	4/4	1	1	1/8			1/8	1	501										
43	43	171	0.5	3/4	3/4	Chord	4/4	1	1	1/8			1/8	1	502										
43	43	343/2	0.5	7/8	7/8	Chord	4/4	1	1	1/8			1/8	1	503										
43	43	168	2.0	0	0	Chord	4/4	2	1	1/2			1/2	1	504										
43	43	170	2.0	1/2	1/2	Chord	4/4	2	1	1/2			1/2	1	505										
43	43	168	0.0	0	0	FiguredBass	4/4	3	1	0										1/2	7				
43	43	168	4.0	0	0	Chord	4/4	3	1	1			1	1	506										
43	43	170	0.0	1/2	1/2	FiguredBass	4/4	3	1	0										1/2	6				
44	44	172	0.5	0	0	Chord	4/4	1	1	1/8			1/8	1	507	ornamentShortTrill									
44	44	345/2	0.5	1/8	1/8	Chord	4/4	1	1	1/8			1/8	1	508										
44	44	173	0.5	1/4	1/4	Chord	4/4	1	1	1/8			1/8	1	509										
44	44	347/2	0.5	3/8	3/8	Chord	4/4	1	1	1/8			1/8	1	510										
44	44	174	0.5	1/2	1/2	Chord	4/4	1	1	1/8			1/8	1	511										
44	44	349/2	0.5	5/8	5/8	Chord	4/4	1	1	1/8			1/8	1	512										
44	44	175	0.5	3/4	3/4	Chord	4/4	1	1	1/8			1/8	1	513										
44	44	351/2	0.5	7/8	7/8	Chord	4/4	1	1	1/8			1/8	1	514										
44	44	172	2.0	0	0	Chord	4/4	2	1	1/2			1/2	1	515										
44	44	174	2.0	1/2	1/2	Chord	4/4	2	1	1/2			1/2	1	516										
44	44	172	0.0	0	0	FiguredBass	4/4	3	1	0										1/2	7				
44	44	172	4.0	0	0	Chord	4/4	3	1	1			1	1	517										
44	44	174	0.0	1/2	1/2	FiguredBass	4/4	3	1	0										1/2	6				
45	45	176	0.5	0	0	Chord	4/4	1	1	1/8			1/8	1	518	ornamentShortTrill									
45	45	353/2	0.5	1/8	1/8	Chord	4/4	1	1	1/8			1/8	1	519										
45	45	177	0.5	1/4	1/4	Chord	4/4	1	1	1/8			1/8	1	520										
45	45	355/2	0.5	3/8	3/8	Chord	4/4	1	1	1/8			1/8	1	521										
45	45	178	0.5	1/2	1/2	Chord	4/4	1	1	1/8			1/8	1	522										
45	45	357/2	0.5	5/8	5/8	Chord	4/4	1	1	1/8			1/8	1	523										
45	45	179	0.5	3/4	3/4	Chord	4/4	1	1	1/8			1/8	1	524										
45	45	359/2	0.5	7/8	7/8	Chord	4/4	1	1	1/8			1/8	1	525										
45	45	176	1.0	0	0	Chord	4/4	2	1	1/4			1/4	1	526										
45	45	177	1.0	1/4	1/4	Chord	4/4	2	1	1/4			1/4	1	527										
45	45	178	2.0	1/2	1/2	Chord	4/4	2	1	1/2			1/2	1	528										
45	45	176	0.0	0	0	FiguredBass	4/4	3	1	0										1/2	7				
45	45	176	4.0	0	0	Chord	4/4	3	1	1			1	1	529										
45	45	178	0.0	1/2	1/2	FiguredBass	4/4	3	1	0										1/2	6				
46	46	180	0.5	0	0	Chord	4/4	1	1	1/8			1/8	1	530										
46	46	361/2	0.5	1/8	1/8	Chord	4/4	1	1	1/8			1/8	1	531										
46	46	181	0.5	1/4	1/4	Chord	4/4	1	1	1/8			1/8	1	532										
46	46	363/2	0.5	3/8	3/8	Chord	4/4	1	1	1/8			1/8	1	533										
46	46	182	0.5	1/2	1/2	Chord	4/4	1	1	1/8			1/8	1	534										
46	46	365/2	0.5	5/8	5/8	Chord	4/4	1	1	1/8			1/8	1	535										
46	46	183	0.5	3/4	3/4	Chord	4/4	1	1	1/8			1/8	1	536										
46	46	367/2	0.5	7/8	7/8	Chord	4/4	1	1	1/8			1/8	1	537										
46	46	180	2.0	0	0	Chord	4/4	2	1	1/2			1/2	1	538										18
46	46	182	2.0	1/2	1/2	Chord	4/4	2	1	1/2			1/2	1	539	ornamentShortTrill									
46	46	180	0.0	0	0	FiguredBass	4/4	3	1	0										1/2	7				
46	46	180	2.0	0	0	Chord	4/4	3	1	1/2			1/2	1	540										
46	46	182	0.0	1/2	1/2	FiguredBass	4/4	3	1	0										1/2	#6				
46	46	182	2.0	1/2	1/2	Chord	4/4	3	1	1/2			1/2	1	541	ornamentShortTrill									
47	47	184	0.5	0	0	Chord	4/4	1	1	1/8			1/8	1	542	ornamentShortTrill									
47	47	369/2	0.5	1/8	1/8	Chord	4/4	1	1	1/8			1/8	1	543										
47	47	185	0.5	1/4	1/4	Chord	4/4	1	1	1/8			1/8	1	544										
47	47	371/2	0.5	3/8	3/8	Chord	4/4	1	1	1/8			1/8	1	545										
47	47	186	0.5	1/2	1/2	Chord	4/4	1	1	1/8			1/8	1	546										
47	47	373/2	0.5	5/8	5/8	Chord	4/4	1	1	1/8			1/8	1	547										
47	47	187	0.5	3/4	3/4	Chord	4/4	1	1	1/8			1/8	1	548										
47	47	375/2	0.5	7/8	7/8	Chord	4/4	1	1	1/8			1/8	1	549										
47	47	184	2.0	0	0	Chord	4/4	2	1	1/2			1/2	1	550										
47	47	184	2.0	0	0	Chord	4/4	3	1	1/2			1/2	1	551										
48	48	188	4.0	0	0	Chord	4/4	1	1	1			1	1	552										
48	48	188	0.5	0	0	Chord	4/4	2	1	1/8			1/8	1	553										
48	48	377/2	0.5	1/8	1/8	Chord	4/4	2	1	1/8			1/8	1	554										
48	48	189	0.5	1/4	1/4	Chord	4/4	2	1	1/8			1/8	1	555										
48	48	379/2	0.5	3/8	3/8	Chord	4/4	2	1	1/8			1/8	1	556										
48	48	190	0.5	1/2	1/2	Chord	4/4	2	1	1/8			1/8	1	557										
48	48	381/2	0.5	5/8	5/8	Chord	4/4	2	1	1/8			1/8	1	558										
48	48	191	0.5	3/4	3/4	Chord	4/4	2	1	1/8			1/8	1	559										
48	48	383/2	0.5	7/8	7/8	Chord	4/4	2	1	1/8			1/8	1	560										
49	49	192	4.0	0	0	Chord	4/4	1	1	1			1	1	561										
49	49	192	0.5	0	0	Chord	4/4	2	1	1/8			1/8	1	562										
49	49	385/2	0.5	1/8	1/8	Chord	4/4	2	1	1/8			1/8	1	563										
49	49	193	0.5	1/4	1/4	Chord	4/4	2	1	1/8			1/8	1	564										
49	49	387/2	0.5	3/8	3/8	Chord	4/4	2	1	1/8			1/8	1	565										
49	49	194	0.5	1/2	1/2	Chord	4/4	2	1	1/8			1/8	1	566										
49	49	389/2	0.5	5/8	5/8	Chord	4/4	2	1	1/8			1/8	1	567										
49	49	195	0.5	3/4	3/4	Chord	4/4	2	1	1/8			1/8	1	568										
49	49	391/2	0.5	7/8	7/8	Chord	4/4	2	1	1/8			1/8	1	569										
50	50	196	4.0	0	0	Chord	4/4	1	1	1			1	1	570										
50	50	196	1.0	0	0	Chord	4/4	2	1	1/4			1/4	1	571										
50	50	197	0.5	1/4	1/4	Chord	4/4	2	1	1/8			1/8	1	572										
50	50	395/2	0.5	3/8	3/8	Chord	4/4	2	1	1/8			1/8	1	573										
50	50	198	0.5	1/2	1/2	Chord	4/4	2	1	1/8			1/8	1	574										
50	50	397/2	0.5	5/8	5/8	Chord	4/4	2	1	1/8			1/8	1	575										
50	50	199	0.5	3/4	3/4	Chord	4/4	2	1	1/8			1/8	1	576										
50	50	399/2	0.5	7/8	7/8	Chord	4/4	2	1	1/8			1/8	1	577										
51	51	200	2.0	0	0	Chord	4/4	1	1	1/2			1/2	1	578	ornamentShortTrill									
51	51	200	0.5	0	0	Chord	4/4	2	1	1/8			1/8	1	579										
51	51	401/2	0.5	1/8	1/8	Chord	4/4	2	1	1/8			1/8	1	580										
51	51	201	0.5	1/4	1/4	Chord	4/4	2	1	1/8			1/8	1	581										
51	51	403/2	0.5	3/8	3/8	Chord	4/4	2	1	1/8			1/8	1	582										
51	51	202	0.5	1/2	1/2	Chord	4/4	2	1	1/8			1/8	1	583										
51	51	405/2	0.5	5/8	5/8	Chord	4/4	2	1	1/8			1/8	1	584										
51	51	203	0.5	3/4	3/4	Chord	4/4	2	1	1/8			1/8	1	585										
51	51	407/2	0.5	7/8	7/8	Chord	4/4	2	1	1/8			1/8	1	586										
52	52	204	2.0	0	0	Chord	4/4	1	1	1/2			1/2	1	587										
52	52	206	2.0	1/2	1/2	Chord	4/4	1	1	1/2			1/2	1	588										
52	52	204	0.0	0	0	StaffText	4/4	2	1	0							)								
52	52	204	2.0	0	0	Chord	4/4	2	1	1/2			1/2	1	589										
52	52	206	0.5	1/2	1/2	Chord	4/4	2	1	1/8			1/8	1	590										
52	52	413/2	0.5	5/8	5/8	Chord	4/4	2	1	1/8			1/8	1	591										
52	52	207	0.5	3/4	3/4	Chord	4/4	2	1	1/8			1/8	1	592										
52	52	415/2	0.5	7/8	7/8	Chord	4/4	2	1	1/8			1/8	1	593										
52	52	204	0.0	0	0	FiguredBass	4/4	3	1	0										1	5	h3_			
52	52	204	0.5	0	0	Chord	4/4	3	1	1/8			1/8	1	594										
52	52	409/2	0.5	1/8	1/8	Chord	4/4	3	1	1/8			1/8	1	595										
52	52	205	0.5	1/4	1/4	Chord	4/4	3	1	1/8			1/8	1	596										
52	52	411/2	0.5	3/8	3/8	Chord	4/4	3	1	1/8			1/8	1	597										
52	52	206	0.0	1/2	1/2	FiguredBass	4/4	3	1	0										1/8	h6				
52	52	206	0.5	1/2	1/2	Chord	4/4	3	1	1/8			1/8	1	598										
52	52	413/2	0.5	5/8	5/8	Chord	4/4	3	1	1/8			1/8	1	599										
52	52	207	0.5	3/4	3/4	Chord	4/4	3	1	1/8			1/8	1	600										
52	52	415/2	0.5	7/8	7/8	Chord	4/4	3	1	1/8			1/8	1	601										
53	53	208	2.0	0	0	Chord	4/4	1	1	1/2			1/2	1	602										
53	53	210	2.0	1/2	1/2	Chord	4/4	1	1	1/2			1/2	1	603										
53	53	208	0.5	0	0	Chord	4/4	2	1	1/8			1/8	1	604	ornamentShortTrill									
53	53	417/2	0.5	1/8	1/8	Chord	4/4	2	1	1/8			1/8	1	605										
53	53	209	0.5	1/4	1/4	Chord	4/4	2	1	1/8			1/8	1	606										
53	53	419/2	0.5	3/8	3/8	Chord	4/4	2	1	1/8			1/8	1	607										
53	53	210	0.5	1/2	1/2	Chord	4/4	2	1	1/8			1/8	1	608										
53	53	421/2	0.5	5/8	5/8	Chord	4/4	2	1	1/8			1/8	1	609										
53	53	211	0.5	3/4	3/4	Chord	4/4	2	1	1/8			1/8	1	610										
53	53	423/2	0.5	7/8	7/8	Chord	4/4	2	1	1/8			1/8	1	611										
53	53	208	0.0	0	0	FiguredBass	4/4	3	1	0										1/2	7\	5/_			
53	53	208	0.5	0	0	Chord	4/4	3	1	1/8			1/8	1	612										
53	53	417/2	0.5	1/8	1/8	Chord	4/4	3	1	1/8			1/8	1	613										
53	53	209	0.5	1/4	1/4	Chord	4/4	3	1	1/8			1/8	1	614										
53	53	419/2	0.5	3/8	3/8	Chord	4/4	3	1	1/8			1/8	1	615										
53	53	210	0.0	1/2	1/2	FiguredBass	4/4	3	1	0										1/2	6_				
53	53	210	0.5	1/2	1/2	Chord	4/4	3	1	1/8			1/8	1	616										
53	53	421/2	0.5	5/8	5/8	Chord	4/4	3	1	1/8			1/8	1	617										
53	53	211	0.5	3/4	3/4	Chord	4/4	3	1	1/8			1/8	1	618										
53	53	423/2	0.5	7/8	7/8	Chord	4/4	3	1	1/8			1/8	1	619										
54	54	212	2.0	0	0	Chord	4/4	1	1	1/2			1/2	1	620										
54	54	214	2.0	1/2	1/2	Chord	4/4	1	1	1/2			1/2	1	621	ornamentShortTrill									
54	54	212	0.5	0	0	Chord	4/4	2	1	1/8			1/8	1	622	ornamentShortTrill									
54	54	425/2	0.5	1/8	1/8	Chord	4/4	2	1	1/8			1/8	1	623										
54	54	213	0.5	1/4	1/4	Chord	4/4	2	1	1/8			1/8	1	624										
54	54	427/2	0.5	3/8	3/8	Chord	4/4	2	1	1/8			1/8	1	625										
54	54	214	0.5	1/2	1/2	Chord	4/4	2	1	1/8			1/8	1	626										
54	54	429/2	0.5	5/8	5/8	Chord	4/4	2	1	1/8			1/8	1	627										
54	54	215	0.5	3/4	3/4	Chord	4/4	2	1	1/8			1/8	1	628										
54	54	431/2	0.5	7/8	7/8	Chord	4/4	2	1	1/8			1/8	1	629										
54	54	212	0.0	0	0	FiguredBass	4/4	3	1	0										1/2	7	5/			
54	54	212	2.0	0	0	Chord	4/4	3	1	1/2			1/2	1	630	ornamentShortTrill									
54	54	214	0.0	1/2	1/2	FiguredBass	4/4	3	1	0										1/2	6	4+	3		
54	54	214	2.0	1/2	1/2	Chord	4/4	3	1	1/2			1/2	1	631										
55	55	216	0.0	0	0	StaffText	4/4	1	1	0							)								
55	55	216	0.5	0	0	Chord	4/4	1	1	1/8			1/8	1	632										
55	55	433/2	0.5	1/8	1/8	Chord	4/4	1	1	1/8			1/8	1	633										
55	55	217	0.5	1/4	1/4	Chord	4/4	1	1	1/8			1/8	1	634										
55	55	435/2	0.5	3/8	3/8	Chord	4/4	1	1	1/8			1/8	1	635										
55	55	218	2.0	1/2	1/2	Chord	4/4	1	1	1/2			1/2	1	636										
55	55	216	2.0	0	0	Chord	4/4	2	1	1/2			1/2	1	637	ornamentShortTrill									
55	55	437/2	0.5	5/8	5/8	Chord	4/4	2	1	1/8			1/8	1	638										
55	55	219	0.5	3/4	3/4	Chord	4/4	2	1	1/8			1/8	1	639										
55	55	439/2	0.5	7/8	7/8	Chord	4/4	2	1	1/8			1/8	1	640										
55	55	216	0.0	0	0	FiguredBass	4/4	3	1	0										1/2	#3				
55	55	216	2.0	0	0	Chord	4/4	3	1	1/2			1/2	1	641										
55	55	218	0.0	1/2	1/2	FiguredBass	4/4	3	1	0										1/2	6_				
55	55	218	2.0	1/2	1/2	Chord	4/4	3	1	1/2			1/2	1	642										
56	56	220	0.5	0	0	Chord	4/4	1	1	1/8			1/8	1	643										
56	56	441/2	0.5	1/8	1/8	Chord	4/4	1	1	1/8			1/8	1	644										
56	56	221	0.5	1/4	1/4	Chord	4/4	1	1	1/8			1/8	1	645										
56	56	443/2	0.5	3/8	3/8	Chord	4/4	1	1	1/8			1/8	1	646										
56	56	222	2.0	1/2	1/2	Chord	4/4	1	1	1/2			1/2	1	647										
56	56	220	2.0	0	0	Chord	4/4	2	1	1/2			1/2	1	648	ornamentShortTrill									
56	56	445/2	0.5	5/8	5/8	Chord	4/4	2	1	1/8			1/8	1	649										
56	56	223	0.5	3/4	3/4	Chord	4/4	2	1	1/8			1/8	1	650										
56	56	447/2	0.5	7/8	7/8	Chord	4/4	2	1	1/8			1/8	1	651										
56	56	220	0.0	0	0	FiguredBass	4/4	3	1	0										1/2	3	2			
56	56	220	2.0	0	0	Chord	4/4	3	1	1/2			1/2	1	652										
56	56	222	0.0	1/2	1/2	FiguredBass	4/4	3	1	0										1/2	#5				
56	56	222	2.0	1/2	1/2	Chord	4/4	3	1	1/2			1/2	1	653										
57	57	224	2.0	0	0	Chord	4/4	1	1	1/2			1/2	1	654										
57	57	226	2.0	1/2	1/2	Chord	4/4	1	1	1/2			1/2	1	655										
57	57	224	0.5	0	0	Chord	4/4	2	1	1/8			1/8	1	656	ornamentShortTrill									
57	57	449/2	0.5	1/8	1/8	Chord	4/4	2	1	1/8			1/8	1	657										
57	57	225	0.5	1/4	1/4	Chord	4/4	2	1	1/8			1/8	1	658										
57	57	451/2	0.5	3/8	3/8	Chord	4/4	2	1	1/8			1/8	1	659										
57	57	226	2.0	1/2	1/2	Chord	4/4	2	1	1/2			1/2	1	660										
57	57	224	0.0	0	0	FiguredBass	4/4	3	1	0										1/2	7	#3_			
57	57	224	0.5	0	0	Chord	4/4	3	1	1/8			1/8	1	661										
57	57	449/2	0.5	1/8	1/8	Chord	4/4	3	1	1/8			1/8	1	662										
57	57	225	0.5	1/4	1/4	Chord	4/4	3	1	1/8			1/8	1	663										
57	57	451/2	0.5	3/8	3/8	Chord	4/4	3	1	1/8			1/8	1	664										
57	57	226	0.0	1/2	1/2	FiguredBass	4/4	3	1	0										1/2	h3_				
57	57	226	0.5	1/2	1/2	Chord	4/4	3	1	1/8			1/8	1	665										
57	57	453/2	0.5	5/8	5/8	Chord	4/4	3	1	1/8			1/8	1	666										
57	57	227	0.5	3/4	3/4	Chord	4/4	3	1	1/8			1/8	1	667										
57	57	455/2	0.5	7/8	7/8	Chord	4/4	3	1	1/8			1/8	1	668										
58	58	228	1.5	0	0	Chord	4/4	1	1	3/8			1/4	3/2	669										
58	58	459/2	0.5	3/8	3/8	Chord	4/4	1	1	1/8			1/8	1	670										
58	58	230	1.0	1/2	1/2	Chord	4/4	1	1	1/4			1/4	1	671										19
58	58	231	0.75	3/4	3/4	Chord	4/4	1	1	3/16			1/8	3/2	672										
58	58	927/4	0.25	15/16	15/16	Chord	4/4	1	1	1/16			1/16	1	673										
58	58	228	2.0	0	0	Chord	4/4	2	1	1/2			1/2	1	674										20
58	58	230	2.0	1/2	1/2	Chord	4/4	2	1	1/2			1/2	1	675	ornamentShortTrill									
58	58	228	0.0	0	0	FiguredBass	4/4	3	1	0										1	7	5	2_		
58	58	228	2.0	0	0	Chord	4/4	3	1	1/2			1/2	1	676										
58	58	230	0.0	1/2	1/2	FiguredBass	4/4	3	1	0										1/4	5	4			
58	58	230	2.0	1/2	1/2	Chord	4/4	3	1	1/2			1/2	1	677										
58	58	231	0.0	3/4	3/4	FiguredBass	4/4	3	1	0										1/4	7	#3			
59	58	232	3.0	0	0	Chord	4/4	1	1	3/4			1/2	3/2	678	ornamentShortTrill									
59	58	232	3.0	0	0	Chord	4/4	2	1	3/4			1/2	3/2	679										
59	58	232	0.0	0	0	FiguredBass	4/4	3	1	0										3/4	#3				
59	58	232	3.0	0	0	Chord	4/4	3	1	3/4			1/2	3/2	680										
