fname	TimeSig	KeySig	last_mc	last_mn	length_qb	last_mc_unfolded	last_mn_unfolded	length_qb_unfolded	volta_mcs	all_notes_qb	n_onsets	n_onset_positions	guitar_chord_count	form_label_count	label_count	harmony_version	annotated_key	annotators	reviewers	composed_start	composed_end	composer	workTitle	movementNumber	movementTitle	workNumber	poet	lyricist	arranger	copyright	creationDate	mscVersion	platform	source	translator	musescore	ms3_version	title_text	subtitle_text	lyricist_text	composer_text	has_drumset	ambitus	path	extension	md5	annotator	reviewer	originalFormat	subdirectory	rel_path	staff_1_instrument	staff_1_ambitus	staff_2_instrument	staff_2_ambitus	staff_3_instrument	staff_3_ambitus
c01n01_prelude	1: 4/4	1: 1	25	23	98.0	25.0	23.0	98.0		219.0	386	251	0	0	93	2.1.0	G	Eva-Maria Hamberger	Johannes Menke	1722	1722	François Couperin			Concert Royal no 1: Prélude					© Les Éditions Outremontaises, 2006	2019-10-09	3.02	Linux			3.6.2	1.0.3	Concerts Royaux (1722)	~ Premier Concert ~; Prélude		"François Couperin 
(1668-1733)"	False	36-59 (C2-B3)	MS3/c01n01_prelude.mscx	.mscx	fb9c3fc5cafd6c95a8134b21ab5a7a9f	Eva-Maria Hamberger	Johannes Menke	xml	MS3	MS3/c01n01_prelude.mscx	Instrument 1	59-59 (B3-B3)	Instrument 1	36-36 (C2-C2)		
c01n02_allemande	1: 4/4	1: 1	20	18	72.0	40.0	36.0	144.0		168.5	346	207	0	0	76	2.1.0	G	Eva-Maria Hamberger	Johannes Menke	1722	1722	François Couperin			Concert Royal no 1: Allemande					© Les Éditions Outremontaises, 2006	2019-10-09	3.02	Linux			3.6.2	1.0.3	Concerts Royaux (1722)	~ Premier Concert ~; Allemande	2	"François Couperin 
(1668-1733)"	False	31-59 (G1-B3)	MS3/c01n02_allemande.mscx	.mscx	96e6306007c54c017a3cdbcc58fbda6e	Eva-Maria Hamberger	Johannes Menke	xml	MS3	MS3/c01n02_allemande.mscx	Instrument 1	59-59 (B3-B3)	Instrument 1	31-31 (G1-G1)		
c01n03_sarabande	1: 3/4	1: -2	30	28	90.0	56.0	56.0	168.0	(((8,), (9,)), ((29,), (30,)))	237.75	291	159	0	0	67	2.1.0	g	Eva-Maria Hamberger	Johannes Menke	1722	1722	François Couperin			Concert Royal no 1: Sarabande					© Les Éditions Outremontaises, 2006	2019-10-09	3.02	Linux			3.6.2	1.0.3	Concerts Royaux (1722)	Sarabande; ~ Premier Concert ~		"François Couperin 
(1668-1733); 3"	False	31-58 (G1-Bb3)	MS3/c01n03_sarabande.mscx	.mscx	b5025d17a65a191106431bf179ebc672	Eva-Maria Hamberger	Johannes Menke	xml	MS3	MS3/c01n03_sarabande.mscx	Instrument 1	58-58 (Bb3-Bb3)	Instrument 1	31-31 (G1-G1)		
c01n04_gavotte	1: 2/2	1: -2	18	14	60.0	32.0	28.0	112.0	(((5,), (6,)), ((17,), (18,)))	135.0	195	113	0	0	52	2.1.0	g	Eva-Maria Hamberger	Johannes Menke	1722	1722	François Couperin			Concert Royal no 1: Gavotte					© Les Éditions Outremontaises, 2006	2019-10-09	3.02	Linux			3.6.2	1.0.3	Concerts Royaux (1722)	Gavotte; ~ Premier Concert ~	4	"François Couperin 
(1668-1733)"	False	38-58 (D2-Bb3)	MS3/c01n04_gavotte.mscx	.mscx	b5cb9159178cac92a451633599abc369	Eva-Maria Hamberger	Johannes Menke	xml	MS3	MS3/c01n04_gavotte.mscx	Instrument 1	58-58 (Bb3-Bb3)	Instrument 1	38-38 (D2-D2)		
c01n05_gigue	1: 6/8	1: 1	33	30	93.5	62.0	60.0	180.0	(((11,), (12,)), ((32,), (33,)))	194.0	389	215	0	0	134	2.1.0	G	Eva-Maria Hamberger	Johannes Menke	1722	1722	François Couperin			Concert Royal no 1: Gigue					© Les Éditions Outremontaises, 2006	2019-10-09	3.02	Linux			3.6.2	1.0.3	Concerts Royaux (1722)	Gigue; ~ Premier Concert ~	6	"François Couperin 
(1668-1733)"	False	38-59 (D2-B3)	MS3/c01n05_gigue.mscx	.mscx	a0c8df6160bd2434611abeabeeaf8077	Eva-Maria Hamberger	Johannes Menke	xml	MS3	MS3/c01n05_gigue.mscx	Instrument 1	59-59 (B3-B3)	Instrument 1	38-38 (D2-D2)		
c01n06_menuet_en_trio	1: 3/4	1: -2	26	24	78.0	56.0	56.0	168.0	(((8,), (9,)), ((25,), (26,)))	211.0	252	132	0	0	46	2.1.0	g	Eva-Maria Hamberger	Johannes Menke	1722	1722	François Couperin			Concert Royal no 1: Menuet					© Les Éditions Outremontaises, 2006	2019-10-09	3.02	Linux			3.6.2	1.0.3	Concerts Royaux (1722)	~ Premier Concert ~; Menuet en Trio		"François Couperin 
(1668-1733); 5"	False	38-65 (D2-F4)	MS3/c01n06_menuet_en_trio.mscx	.mscx	dc4dc456458b4044a0f3adbe3a20ee39	Eva-Maria Hamberger	Johannes Menke	xml	MS3	MS3/c01n06_menuet_en_trio.mscx	Instrument 1	65-65 (F4-F4)	Instrument 1	38-38 (D2-D2)		
c02n01_prelude	1: 3/4	1: 2	39	37	114.0	39.0	37.0	114.0		245.5	296	174	0	0	88	2.1.0	D	Eva-Maria Hamberger	Johannes Menke	1722	1722	François Couperin			Concert Royal no 2: Prélude					© Les Éditions Outremontaises, 2006	2019-10-09	3.02	Linux			3.6.2	1.0.3	Concerts Royaux (1722)	Prélude; ~ Second Concert ~		"François Couperin 
(1668-1733)"	False	33-61 (A1-C#4)	MS3/c02n01_prelude.mscx	.mscx	64fbd0c986c97427ce63c76e2b4f7295	Eva-Maria Hamberger	Johannes Menke	xml	MS3	MS3/c02n01_prelude.mscx	Instrument 1	61-61 (C#4-C#4)	Instrument 1	33-33 (A1-A1)		
c02n02_allemande_fuguee	1: 4/4	1: 2	26	24	96.0	52.0	48.0	192.0		189.75	441	285	0	0	131	2.1.0	D	Eva-Maria Hamberger	Johannes Menke	1722	1722	François Couperin			Concert Royal no 2: Allemande					© Les Éditions Outremontaises, 2006	2019-10-09	3.02	Linux			3.6.2	1.0.3	Concerts Royaux (1722)	Allemande Fuguée; ~ Second Concert ~	2	"François Couperin 
(1668-1733)"	False	38-59 (D2-B3)	MS3/c02n02_allemande_fuguee.mscx	.mscx	e3024b084160b371422459291654b444	Eva-Maria Hamberger	Johannes Menke	xml	MS3	MS3/c02n02_allemande_fuguee.mscx	Instrument 1	59-59 (B3-B3)	Instrument 1	38-38 (D2-D2)		
c02n03_air_tendre	1: 3/4	1: -1	40	40	120.0	80.0	80.0	240.0		227.25	267	161	0	0	82	2.1.0	d	Eva-Maria Hamberger	Johannes Menke	1722	1722	François Couperin			Concert Royal no 2: Air tendre					© Les Éditions Outremontaises, 2006	2019-10-09	3.02	Linux			3.6.2	1.0.3	Concerts Royaux (1722)	Air Tendre; ~ Second Concert ~	4	"François Couperin 
(1668-1733)"	False	36-57 (C2-A3)	MS3/c02n03_air_tendre.mscx	.mscx	a8b15e41c9f135e363087abb8333d148	Eva-Maria Hamberger	Johannes Menke	xml	MS3	MS3/c02n03_air_tendre.mscx	Instrument 1	57-57 (A3-A3)	Instrument 1	36-36 (C2-C2)		
c02n04_air_contrefugue	1: 2/4	1: -1	65	62	126.0	128.0	124.0	249.5	(((64,), (65,)),)	259.0	679	411	0	0	154	2.1.0	d	Eva-Maria Hamberger	Johannes Menke	1722	1722	François Couperin			Concert Royal no 2: Air contrefugué					© Les Éditions Outremontaises, 2006	2019-10-25	3.02	Microsoft Windows			3.6.2	1.0.3	Concerts Royaux (1722)	Air Contrefugué; ~ Second Concert ~		"François Couperin 
(1668-1733); 5"	False	36-57 (C2-A3)	MS3/c02n04_air_contrefugue.mscx	.mscx	e0f2fa39f7ad19eccb83ce20b881d103	Eva-Maria Hamberger	Johannes Menke	xml	MS3	MS3/c02n04_air_contrefugue.mscx	Instrument 1	57-57 (A3-A3)	Instrument 1	36-36 (C2-C2)		
c02n05_echos	1: 3/4	1: 2	85	85	255.0	139.0	139.0	417.0		644.0	817	393	0	0	158	2.1.0	D	Eva-Maria Hamberger	Johannes Menke	1722	1722	François Couperin			Concert Royal no 2: Échos					© Les Éditions Outremontaises, 2006	2019-10-09	3.02	Linux			3.6.2	1.0.3	Concerts Royaux (1722)	Échos; ~ Second Concert ~		"François Couperin 
(1668-1733); 7"	False	38-66 (D2-F#4)	MS3/c02n05_echos.mscx	.mscx	28ac786cec998fc51c8dc40d65d23bee	Eva-Maria Hamberger	Johannes Menke	xml	MS3	MS3/c02n05_echos.mscx	Instrument 1	66-66 (F#4-F#4)	Instrument 1	38-38 (D2-D2)		
c03n01_prelude	1: 4/4	1: 3	19	18	70.25	19.0	18.0	70.25		216.0	380	209	0	0	77	2.1.0	A	Tobias Drewelius	Johannes Menke	1722	1722	François Couperin			Concert Royal no 3: Prélude					© Les Éditions Outremontaises, 2006	2019-10-09	3.02	Linux			3.6.2	1.0.3	Concerts Royaux (1722)	Prélude; ~ Troisième Concert ~		"François Couperin 
(1668-1733)"	False	33-61 (A1-C#4)	MS3/c03n01_prelude.mscx	.mscx	6fe99018c01418ac732bf48dcf88a608	Tobias Drewelius	Johannes Menke	xml	MS3	MS3/c03n01_prelude.mscx	Instrument 1	61-61 (C#4-C#4)	Instrument 1	33-33 (A1-A1)		
c03n02_allemande	1: 4/4	1: 3	20	17	72.0	40.0	34.0	144.0		159.75	356	228	0	0	106	2.1.0	A	Tobias Drewelius	Johannes Menke	1722	1722	François Couperin			Concert Royal no 3: Allemande					© Les Éditions Outremontaises, 2006	2019-10-09	3.02	Linux			3.6.2	1.0.3	Concerts Royaux (1722)	Allemande; ~ Troisième Concert ~		"François Couperin 
(1668-1733); 3"	False	33-57 (A1-A3)	MS3/c03n02_allemande.mscx	.mscx	bbc6e076b33972a1603ab01fb4fe8d78	Tobias Drewelius	Johannes Menke	xml	MS3	MS3/c03n02_allemande.mscx	Instrument 1	57-57 (A3-A3)	Instrument 1	33-33 (A1-A1)		
c03n03_courante	1: 3/2	1: 0	28	25	162.5	49.0	48.0	288.5	(((11,), (12,)), ((25,), (26,)))	453.25	390	216	0	0	97	2.1.0	a	Tobias Drewelius	Johannes Menke	1722	1722	François Couperin			Concert Royal no 3: Courante					© Les Éditions Outremontaises, 2006	2019-10-09	3.02	Linux			3.6.2	1.0.3	Concerts Royaux (1722)	Courante; ~ Troisième Concert ~	4	"François Couperin 
(1668-1733)"	False	33-60 (A1-C4)	MS3/c03n03_courante.mscx	.mscx	8ce38e771d9dee4255764c1956b64a41	Tobias Drewelius	Johannes Menke	xml	MS3	MS3/c03n03_courante.mscx	Instrument 1	60-60 (C4-C4)	Instrument 1	33-33 (A1-A1)		
c03n04_sarabande_grave	1: 3/4	1: 0	32	32	96.0	64.0	64.0	192.0		324.0	348	173	0	0	70	2.1.0	a	Tobias Drewelius	Johannes Menke	1722	1722	François Couperin			Concert Royal no 3: Sarabande					© Les Éditions Outremontaises, 2006	2019-10-09	3.02	Linux			3.6.2	1.0.3	Concerts Royaux (1722)	Sarabande grave; ~ Troisième Concert ~	6	"François Couperin 
(1668-1733)"	False	33-59 (A1-B3)	MS3/c03n04_sarabande_grave.mscx	.mscx	a84f99757d6c03db3b0f907a1d4f00f8	Tobias Drewelius	Johannes Menke	xml	MS3	MS3/c03n04_sarabande_grave.mscx	Instrument 1	59-59 (B3-B3)	Instrument 1	33-33 (A1-A1)		
c03n05_gavotte	1: 2/2	1: 0	28	25	104.0	56.0	50.0	208.0		244.5	356	192	0	0	87	2.1.0	a	Tobias Drewelius	Johannes Menke	1722	1722	François Couperin			Concert Royal no 3: Gavotte					© Les Éditions Outremontaises, 2006	2019-10-09	3.02	Linux			3.6.2	1.0.3	Concerts Royaux (1722)	Gavotte; ~ Troisième Concert ~		"François Couperin 
(1668-1733); 7"	False	33-60 (A1-C4)	MS3/c03n05_gavotte.mscx	.mscx	78b6c9158830a30fe892c05d6e54f533	Tobias Drewelius	Johannes Menke	xml	MS3	MS3/c03n05_gavotte.mscx	Instrument 1	60-60 (C4-C4)	Instrument 1	33-33 (A1-A1)		
c03n06_musette_1	1: 6/8	1: 3, 19: 0	32	28	84.0	64.0	56.0	168.0		150.0	204	130	0	0	28	2.1.0	A	Tobias Drewelius	Johannes Menke	1722	1722	François Couperin			Concert Royal no 3: Muzette					© Les Éditions Outremontaises, 2006	2019-10-09	3.02	Linux			3.6.2	1.0.3	Concerts Royaux (1722)	~ Troisième Concert ~; Muzette	8	"François Couperin 
(1668-1733)"	False	40-60 (E2-C4)	MS3/c03n06_musette_1.mscx	.mscx	77825ee8dc36e448a249145a583e9358	Tobias Drewelius	Johannes Menke	xml	MS3	MS3/c03n06_musette_1.mscx	Instrument 1	60-60 (C4-C4)	Instrument 1	40-40 (E2-E2)		
c03n07_musette_2	1: 6/8	1: 3, 19: 0	32	27	84.0	64.0	55.0	168.0		232.5	354	160	0	0	33	2.1.0	A	Tobias Drewelius	Johannes Menke	1722	1722	François Couperin			Concert Royal no 3: Muzette B					© Les Éditions Outremontaises, 2006	2019-10-09	3.02	Linux			3.6.2	1.0.3	Concerts Royaux (1722)	~ Troisième Concert ~; Muzette	Cette version inclut la partie de viole.	"François Couperin 
(1668-1733); 9"	False	40-60 (E2-C4)	MS3/c03n07_musette_2.mscx	.mscx	83bc2f01102313e5f2d80beb3c7dc2c2	Tobias Drewelius	Johannes Menke	xml	MS3	MS3/c03n07_musette_2.mscx	Instrument 1	60-60 (C4-C4)	Instrument 1	40-40 (E2-E2)		
c03n08_chaconne_legere	1: 3/8	1: 0, 71: 3, 112: 0	132	87	193.0	141.0	95.0	205.0		428.0	1177	644	0	0	280	2.1.0	a	Tobias Drewelius	Johannes Menke	1722	1722	François Couperin			Concert Royal no 3: Prélude					© Les Éditions Outremontaises, 2006	2019-10-09	3.02	Linux			3.6.2	1.0.3	Concerts Royaux (1722)	"Chaconne
Légère; ~ Troisième Concert ~"	10	"François Couperin 
(1668-1733)"	False	40-60 (E2-C4)	MS3/c03n08_chaconne_legere.mscx	.mscx	ed1d03425d8866e8e3483b0eec6677ac	Tobias Drewelius	Johannes Menke	xml	MS3	MS3/c03n08_chaconne_legere.mscx	Instrument 1	60-60 (C4-C4)	Instrument 1	40-40 (E2-E2)		
c04n01_prelude	1: 4/4	1: 1	14	14	54.0	14.0	14.0	54.0		121.0	245	143	0	0	86	2.1.0	e	Tobias Drewelius	Johannes Menke	1722	1722	François Couperin			Concert Royal 4					© Les Éditions Outremontaises, 2006	2019-10-09	3.02	Linux			3.6.2	1.0.3	Concerts Royaux (1722)	~ Quatrième Concert ~; Prélude		"François Couperin 
(1668-1733)"	False	35-55 (B1-G3)	MS3/c04n01_prelude.mscx	.mscx	4af65dd30d65b0c38ff146426e67c449	Tobias Drewelius	Johannes Menke	xml	MS3	MS3/c04n01_prelude.mscx	Instrument 1	55-55 (G3-G3)	Instrument 1	35-35 (B1-B1)		
c04n02_allemande	1: 4/4	1: 1	16	14	56.0	32.0	28.0	112.0		121.5	261	158	0	0	77	2.1.0	e	Tobias Drewelius	Johannes Menke	1722	1722	François Couperin			Concert royal no 4: Allemande					© Les Éditions Outremontaises, 2006	2019-10-09	3.02	Linux			3.6.2	1.0.3	Concerts Royaux (1722)	~ Quatrième Concert ~; Allemande	2	"François Couperin 
(1668-1733)"	False	35-59 (B1-B3)	MS3/c04n02_allemande.mscx	.mscx	b9ea5ac59332b45a3a49916f84aa190e	Tobias Drewelius	Johannes Menke	xml	MS3	MS3/c04n02_allemande.mscx	Instrument 1	59-59 (B3-B3)	Instrument 1	35-35 (B1-B1)		
c04n03_courante_francoise	1: 3/2	1: 4	23	21	126.0	46.0	42.0	252.0		334.75	341	196	0	0	84	2.1.0	E	Tobias Drewelius	Johannes Menke	1722	1722	François Couperin			Concert Royal no 4: Courante française					© Les Éditions Outremontaises, 2006	2019-10-09	3.02	Linux			3.6.2	1.0.3	Concerts Royaux (1722)	~ Quatrième Concert ~; Courante Françoise		"François Couperin 
(1668-1733); 3"	False	35-63 (B1-D#4)	MS3/c04n03_courante_francoise.mscx	.mscx	1cb434ebf4a3fc8966a2cdd91a750cf0	Tobias Drewelius	Johannes Menke	xml	MS3	MS3/c04n03_courante_francoise.mscx	Instrument 1	63-63 (D#4-D#4)	Instrument 1	35-35 (B1-B1)		
c04n04_courante_a_litalienne	1: 6/8	1: 1	76	73	220.5	142.0	138.0	414.0	(((67,), (68,)),)	533.0	832	435	0	0	134	2.1.0	e	Tobias Drewelius	Johannes Menke	1722	1722	François Couperin			Concert Royal no 4: Courante italienne					© Les Éditions Outremontaises, 2006	2019-10-09	3.02	Linux			3.6.2	1.0.3	Concerts Royaux (1722)	~ Quatrième Concert ~; Courante à l’italiéne 		"François Couperin 
(1668-1733); 5"	False	38-55 (D2-G3)	MS3/c04n04_courante_a_litalienne.mscx	.mscx	c2a6a5209581e310728fa755135d0197	Tobias Drewelius	Johannes Menke	xml	MS3	MS3/c04n04_courante_a_litalienne.mscx	Instrument 1	55-55 (G3-G3)	Instrument 1	38-38 (D2-D2)		
c04n05_sarabande	1: 3/4	1: 4	24	24	72.0	48.0	48.0	144.0		191.5	185	92	0	0	47	2.1.0	E	Tobias Drewelius	Johannes Menke	1722	1722	François Couperin			Concert Royal no 4: Sarabande					© Les Éditions Outremontaises, 2006	2019-10-09	3.02	Linux			3.6.2	1.0.3	Concerts Royaux (1722)	Sarabande; ~ Quatrième Concert ~	8	"François Couperin 
(1668-1733)"	False	40-63 (E2-D#4)	MS3/c04n05_sarabande.mscx	.mscx	cc126ee3555ec8616e500a0b60299653	Tobias Drewelius	Johannes Menke	xml	MS3	MS3/c04n05_sarabande.mscx	Instrument 1	63-63 (D#4-D#4)	Instrument 1	40-40 (E2-E2)		
c04n06_rigaudon	1: 2/4	1: 4	44	41	84.0	88.0	82.0	168.0		157.25	292	196	0	0	59	2.1.0	E	Tobias Drewelius	Johannes Menke	1722	1722	François Couperin			Concert Royal no 4: Rigaudon					© Les Éditions Outremontaises, 2006	2019-10-09	3.02	Linux			3.6.2	1.0.3	Concerts Royaux (1722)	Rigaudon; ~ Quatrième Concert ~		"François Couperin 
(1668-1733); 9"	False	35-57 (B1-A3)	MS3/c04n06_rigaudon.mscx	.mscx	55ee1f7b30546486780cc70a445973e3	Tobias Drewelius	Johannes Menke	xml	MS3	MS3/c04n06_rigaudon.mscx	Instrument 1	57-57 (A3-A3)	Instrument 1	35-35 (B1-B1)		
c04n07_forlane	1: 6/8	1: 4, 49: 1	61	55	168.0	109.0	99.0	300.0		354.75	587	309	0	0	139	2.1.0	E	Tobias Drewelius	Johannes Menke	1722	1722	François Couperin			Concert Royal no 4: Forlane					© Les Éditions Outremontaises, 2006	2019-10-09	3.02	Linux			3.6.2	1.0.3	Concerts Royaux (1722)	~ Quatrième Concert ~; Forlane	10	"François Couperin 
(1668-1733)"	False	35-56 (B1-G#3)	MS3/c04n07_forlane.mscx	.mscx	3111aebb27c0ea3e60b5095e31e47373	Tobias Drewelius	Johannes Menke	xml	MS3	MS3/c04n07_forlane.mscx	Instrument 1	56-56 (G#3-G#3)	Instrument 1	35-35 (B1-B1)		
c05n01_prelude	1: 3/8	1: -1	53	52	78.0	53.0	52.0	78.0		148.0	389	253	0	0	97	2.1.0	F	Johannes Menke		1724	1724	Franz Schubert	Menuett Nr. 1								2019-08-01	3.02	Linux			3.6.2	1.0.3	"Prelude
"	c05n01		Francois Couperin	False	36-64 (C2-E4)	MS3/c05n01_prelude.mscx	.mscx	83ee824cb132af6d8f5262a1d6b44510	Johannes Menke			MS3	MS3/c05n01_prelude.mscx	Piano	64-64 (E4-E4)	Piano	36-36 (C2-C2)		
c05n02_allemande	1: 2/2	1: -1	46	43	177.0	89.0	86.0	347.5	(((12,), (13,)), ((45,), (46,)))	339.25	529	351	0	0	150	2.1.0	F	Johannes Menke		1724	1724	Franz Schubert	Menuett Nr. 1								2019-08-01	3.02	Linux			3.6.2	1.0.3	"Allemande
"	c05n02		Francois Couperin	False	36-62 (C2-D4)	MS3/c05n02_allemande.mscx	.mscx	a1ac9d2819819e630718a7d1bfbd9dfa	Johannes Menke			MS3	MS3/c05n02_allemande.mscx	Piano	62-62 (D4-D4)	Piano	36-36 (C2-C2)		
c05n03_sarabande	1: 3/4	1: -3	24	24	72.0	48.0	48.0	144.0		152.0	180	112	0	0	53	2.1.0	f	Johannes Menke		1724	1724	Franz Schubert	Menuett Nr. 1								2019-08-01	3.02	Linux			3.6.2	1.0.3	"Sarabande
"	c05n03		Francois Couperin	False	36-60 (C2-C4)	MS3/c05n03_sarabande.mscx	.mscx	0e92a57a28aada5190bb12ab8529c42d	Johannes Menke			MS3	MS3/c05n03_sarabande.mscx	Piano	60-60 (C4-C4)	Piano	36-36 (C2-C2)		
c05n04_gavote	1: 4/4	1: -3	34	32	128.0	68.0	64.0	256.0		256.0	386	245	0	0	98	2.1.0	f	Johannes Menke		1724	1724	Franz Schubert	Menuett Nr. 1								2019-08-01	3.02	Linux			3.6.2	1.0.3	Gavote	c05n04		Francois Couperin	False	36-65 (C2-F4)	MS3/c05n04_gavote.mscx	.mscx	074ad7a9e32fae9aaaa843d0691d8408	Johannes Menke			MS3	MS3/c05n04_gavote.mscx	Piano	65-65 (F4-F4)	Piano	36-36 (C2-C2)		
c05n05_musete	1: 6/8	1: -1	58	54	162.0	138	129	384.0		299.5	530	318	0	0	118	2.1.0	F	Johannes Menke		1724	1724	Franz Schubert	Menuett Nr. 1								2019-08-01	3.02	Linux			3.6.2	1.0.3	Muséte	c05n05		Francois Couperin	False	38-65 (D2-F4)	MS3/c05n05_musete.mscx	.mscx	f25c3df1e6eb8d1393fde2616c9fd4de	Johannes Menke			MS3	MS3/c05n05_musete.mscx	Piano	65-65 (F4-F4)	Piano	38-38 (D2-D2)		
c06n01_grave	1: 4/4	1: -2	24	24	96.0	24.0	24.0	96.0		186.5	299	226	0	0	108	2.1.0	Bb	Johannes Menke		1724	1724	Franz Schubert	Menuett Nr. 1								2019-08-01	3.02	Linux			3.6.2	1.0.3	Gravement et mesure	c06n01		Francois Couperin	False	36-60 (C2-C4)	MS3/c06n01_grave.mscx	.mscx	58252e31c02592f10d7ee3264bc7cfb4	Johannes Menke			MS3	MS3/c06n01_grave.mscx	Piano	60-60 (C4-C4)	Piano	36-36 (C2-C2)		
c06n02_allemande	1: 4/4	1: -2	33	31	123.0	54.0	51.0	202.0		231.5	518	335	1	0	123	2.1.0	Bb	Johannes Menke		1724	1724	Franz Schubert	Menuett Nr. 1								2019-08-01	3.02	Linux			3.6.2	1.0.3	Allemande	c06n02		Francois Couperin	False	36-63 (C2-Eb4)	MS3/c06n02_allemande.mscx	.mscx	f0a8ce09028b25fcecdf012ce0b4dc88	Johannes Menke			MS3	MS3/c06n02_allemande.mscx	Piano	63-63 (Eb4-Eb4)	Piano	36-36 (C2-C2)		
c06n03_sarabande	1: 3/4	1: -2	46	44	133.0	92.0	88.0	266.0		263.0	450	318	0	0	114	2.1.0	Bb	Johannes Menke		1724	1724	Franz Schubert	Menuett Nr. 1								2019-08-01	3.02	Linux			3.6.2	1.0.3	Sarabande	c06n03		Francois Couperin	False	36-65 (C2-F4)	MS3/c06n03_sarabande.mscx	.mscx	8432c3add9983d296e8e70ddb47582d6	Johannes Menke			MS3	MS3/c06n03_sarabande.mscx	Piano	65-65 (F4-F4)	Piano	36-36 (C2-C2)		
c06n04_air_diable	1: 2/4	1: -2	46	44	88.0	75.0	72.0	144.0		160.75	398	263	0	0	100	2.1.0	B	Johannes Menke		1724	1724	Franz Schubert	Menuett Nr. 1								2019-08-01	3.02	Linux			3.6.2	1.0.3	Air de Diable	c06n04		Francois Couperin	False	36-62 (C2-D4)	MS3/c06n04_air_diable.mscx	.mscx	77eac935bea7a584b2d244c052d27f9d	Johannes Menke			MS3	MS3/c06n04_air_diable.mscx	Piano	62-62 (D4-D4)	Piano	36-36 (C2-C2)		
c06n05_siciliene	1: 12/8	1: -2	23	21	126.0	46.0	42.0	252.0		243.0	468	272	0	0	125	2.1.0	Bb	Johannes Menke		1724	1724	Franz Schubert	Menuett Nr. 1								2019-08-01	3.02	Linux			3.6.2	1.0.3	Siciliéne	c06n05		Francois Couperin	False	36-63 (C2-Eb4)	MS3/c06n05_siciliene.mscx	.mscx	05ddf757394567195c014e40f8cc9e11	Johannes Menke			MS3	MS3/c06n05_siciliene.mscx	Piano	63-63 (Eb4-Eb4)	Piano	36-36 (C2-C2)		
c07n01_grave	1: 4/4	1: -1	14	14	56.0	14.0	14.0	56.0		102.0	246	165	0	0	82	2.1.0	g	Johannes Menke		1724	1724	Franz Schubert	Menuett Nr. 1								2019-08-01	3.02	Linux			3.6.2	1.0.3	Gravement et gracieusement	c07n01		Francois Couperin	False	38-62 (D2-D4)	MS3/c07n01_grave.mscx	.mscx	263ab8067384a76598657233cb2e9c1d	Johannes Menke			MS3	MS3/c07n01_grave.mscx	Piano	62-62 (D4-D4)	Piano	38-38 (D2-D2)		
c07n02_allemande	1: 4/4	1: -1	30	28	112.0	60.0	56.0	224.0		209.0	544	368	0	0	131	2.1.0	g	Johannes Menke		1724	1724	Franz Schubert	Menuett Nr. 1								2019-08-01	3.02	Linux			3.6.2	1.0.3	Allemande	c07n02		Francois Couperin	False	36-55 (C2-G3)	MS3/c07n02_allemande.mscx	.mscx	fa2bf55b2f78acb5b85695915cfb7d77	Johannes Menke			MS3	MS3/c07n02_allemande.mscx	Piano	55-55 (G3-G3)	Piano	36-36 (C2-C2)		
c07n03_sarabande	1: 3/4	1: -1	33	33	99.0	66.0	66.0	198.0		182.0	226	115	0	0	74	2.1.0	g	Johannes Menke		1724	1724	Franz Schubert	Menuett Nr. 1								2019-08-01	3.02	Linux			3.6.2	1.0.3	Sarabande	c07n03		Francois Couperin	False	36-62 (C2-D4)	MS3/c07n03_sarabande.mscx	.mscx	b34630d1125c7b4d3709fbc494ef07cf	Johannes Menke			MS3	MS3/c07n03_sarabande.mscx	Piano	62-62 (D4-D4)	Piano	36-36 (C2-C2)		
c07n04_fuguete	1: 6/8	1: -1	52	50	150.0	104.0	100.0	300.0		280.5	804	555	0	0	128	2.1.0	g	Johannes Menke		1724	1724	Franz Schubert	Menuett Nr. 1								2019-08-01	3.02	Linux			3.6.2	1.0.3	Fuguéte	c07n04		Francois Couperin	False	38-55 (D2-G3)	MS3/c07n04_fuguete.mscx	.mscx	cac5a6edcf8e2941927b194b00aba5f5	Johannes Menke			MS3	MS3/c07n04_fuguete.mscx	Piano	55-55 (G3-G3)	Piano	38-38 (D2-D2)		
c07n05_gavote	1: 4/4	1: -1	30	28	112.0	60.0	56.0	224.0		184.0	263	179	0	0	60	2.1.0	g	Johannes Menke		1724	1724	Franz Schubert	Menuett Nr. 1								2019-08-01	3.02	Linux			3.6.2	1.0.3	Gavote	c07n05		Francois Couperin	False	38-65 (D2-F4)	MS3/c07n05_gavote.mscx	.mscx	233fa955a14b1509ff664ddff73629a6	Johannes Menke			MS3	MS3/c07n05_gavote.mscx	Piano	65-65 (F4-F4)	Piano	38-38 (D2-D2)		
c07n06_siciliene	1: 12/8	1: -1	20	18	108.0	40.0	36.0	216.0		201.5	281	175	0	0	104	2.1.0	g	Johannes Menke		1724	1724	Franz Schubert	Menuett Nr. 1								2019-08-01	3.02	Linux			3.6.2	1.0.3	Siciliéne	c07n06		Francois Couperin	False	38-66 (D2-F#4)	MS3/c07n06_siciliene.mscx	.mscx	509e2716764ce56ad8cff5e9916d6cea	Johannes Menke			MS3	MS3/c07n06_siciliene.mscx	Piano	66-66 (F#4-F#4)	Piano	38-38 (D2-D2)		
c08n01_ouverture	1: 4/4, 19: 3/4	1: 1	91	89	288.5	107.0	106.0	352.5	(((18,), (19,)),)	579.75	769	502	0	0	144	2.1.0	G	Johannes Menke		1724	1724	Franz Schubert	Menuett Nr. 1								2019-08-01	3.02	Linux			3.6.2	1.0.3	Ouverture	c08n01		Francois Couperin	False	38-62 (D2-D4)	MS3/c08n01_ouverture.mscx	.mscx	7bbb36a591e105c327895371bb4e24e5	Johannes Menke			MS3	MS3/c08n01_ouverture.mscx	Piano	62-62 (D4-D4)	Piano	38-38 (D2-D2)		
c08n02_ritournele	1: 2/2, 16: 6/4	1: -1	61	61	336.0	61.0	61.0	336.0		962.0	609	267	0	0	122	2.1.0	g	Johannes Menke		1724	1724	Franz Schubert	Menuett Nr. 1								2019-08-01	3.02	Linux			3.6.2	1.0.3	Grande Ritournéle	c08n02		Francois Couperin	False	38-67 (D2-G4)	MS3/c08n02_ritournele.mscx	.mscx	5a371eb6ff20a9f8678c83a34773afe5	Johannes Menke			MS3	MS3/c08n02_ritournele.mscx	Piano	67-67 (G4-G4)	Piano	62-62 (D4-D4)	Piano	38-38 (D2-D2)
c08n03_air	1: 4/4	1: -1	33	31	132.0	63.0	62.0	252.0	(((12,), (13,)), ((32,), (33,)))	249.5	298	192	0	0	64	2.1.0	g	Johannes Menke		1724	1724	Franz Schubert	Menuett Nr. 1								2019-08-01	3.02	Linux			3.6.2	1.0.3	Air	c08n03		Francois Couperin	False	38-65 (D2-F4)	MS3/c08n03_air.mscx	.mscx	a9a6bf63e0790826e75076f47677b5e2	Johannes Menke			MS3	MS3/c08n03_air.mscx	Piano	65-65 (F4-F4)	Piano	38-38 (D2-D2)		
c08n04_air_tendre	1: 3/4	1: -1	27	24	72.0	36.0	32.0	96.0		144.0	137	84	0	0	51	2.1.0	g	Johannes Menke		1724	1724	Franz Schubert	Menuett Nr. 1								2019-08-01	3.02	Linux			3.6.2	1.0.3	Air Tendre	c08n04		Francois Couperin	False	38-67 (D2-G4)	MS3/c08n04_air_tendre.mscx	.mscx	f237a166c389a1c75f29340e2f09d220	Johannes Menke			MS3	MS3/c08n04_air_tendre.mscx	Piano	67-67 (G4-G4)	Piano	38-38 (D2-D2)		
c08n05_air_leger	1: 3/8	1: 1	41	38	58.0	74.0	70.0	105.0	(((34,), (35,)),)	116.0	234	132	0	0	71	2.1.0	G	Johannes Menke		1724	1724	Franz Schubert	Menuett Nr. 1								2019-08-01	3.02	Linux			3.6.2	1.0.3	Air Léger	c08n05		Francois Couperin	False	38-62 (D2-D4)	MS3/c08n05_air_leger.mscx	.mscx	9ccf3a4685fb6180a0bc3f9a6c5e24a2	Johannes Menke			MS3	MS3/c08n05_air_leger.mscx	Piano	62-62 (D4-D4)	Piano	38-38 (D2-D2)		
c08n06_Loure	1: 6/4	1: 1	34	32	192.0	68.0	64.0	384.0		379.5	302	172	0	0	112	2.1.0	G	Johannes Menke		1724	1724	Franz Schubert	Menuett Nr. 1								2019-08-01	3.02	Linux			3.6.2	1.0.3	Loure	c08n06		Francois Couperin	False	38-67 (D2-G4)	MS3/c08n06_Loure.mscx	.mscx	0d84b9562b11737df955eced878204b2	Johannes Menke			MS3	MS3/c08n06_Loure.mscx	Piano	67-67 (G4-G4)	Piano	38-38 (D2-D2)		
c08n07_air	1: 4/4	1: -1	30	28	112.0	60.0	56.0	224.0		223.0	224	145	0	0	73	2.1.0	g	Johannes Menke		1724	1724	Franz Schubert	Menuett Nr. 1								2019-08-01	3.02	Linux			3.6.2	1.0.3	Air	c08n07		Francois Couperin	False	38-65 (D2-F4)	MS3/c08n07_air.mscx	.mscx	174d73903a42091fdc117f21066b3000	Johannes Menke			MS3	MS3/c08n07_air.mscx	Piano	65-65 (F4-F4)	Piano	38-38 (D2-D2)		
c08n08_sarabande	1: 3/4	1: 1	26	24	78.0	65.0	64.0	195.0	(((8,), (9, 10, 11, 12, 13, 14, 15, 16, 17, 18, 19, 20, 21, 22, 23, 24, 25), (26,)),)	154.5	151	99	0	0	64	2.1.0	G	Johannes Menke		1724	1724	Franz Schubert	Menuett Nr. 1								2019-08-01	3.02	Linux			3.6.2	1.0.3	Sarabande	c08n08		Francois Couperin	False	38-67 (D2-G4)	MS3/c08n08_sarabande.mscx	.mscx	538d4e5fb7ab46c28f85547278a73c64	Johannes Menke			MS3	MS3/c08n08_sarabande.mscx	Piano	67-67 (G4-G4)	Piano	38-38 (D2-D2)		
c08n09_air_leger	1: 3/4	1: 1	30	29	96.0	59.0	58.0	189.0	(((11,), (12,)),)	185.0	226	168	0	0	45	2.1.0	G	Johannes Menke		1724	1724	Franz Schubert	Menuett Nr. 1								2019-08-01	3.02	Linux			3.6.2	1.0.3	Air Léger	c08n09		Francois Couperin	False	38-66 (D2-F#4)	MS3/c08n09_air_leger.mscx	.mscx	d1bdc88685dc04880d8472442cd7b8f3	Johannes Menke			MS3	MS3/c08n09_air_leger.mscx	Piano	66-66 (F#4-F#4)	Piano	38-38 (D2-D2)		
c08n10_air_lentement	1: 3/4	1: -1	48	46	144.0	95.0	92.0	285.0	(((20,), (21,), (22,)),)	279.0	365	224	0	0	99	2.1.0	g	Johannes Menke		1724	1724	Franz Schubert	Menuett Nr. 1								2019-08-01	3.02	Linux			3.6.2	1.0.3	Air Tendre	c08n10		Francois Couperin	False	38-66 (D2-F#4)	MS3/c08n10_air_lentement.mscx	.mscx	2ba9be551e3a3f40158b82cc3353e023	Johannes Menke			MS3	MS3/c08n10_air_lentement.mscx	Piano	66-66 (F#4-F#4)	Piano	38-38 (D2-D2)		
c08n11_air_baccantes	1: 6/4	1: 1	20	18	109.0	40.0	36.0	218.0		206.0	223	149	0	0	58	2.1.0	G	Johannes Menke		1724	1724	Franz Schubert	Menuett Nr. 1								2019-08-01	3.02	Linux			3.6.2	1.0.3	Air de Baccantes	c08n11		Francois Couperin	False	38-62 (D2-D4)	MS3/c08n11_air_baccantes.mscx	.mscx	72c02f4c790fa2367cc7b449d22e97f8	Johannes Menke			MS3	MS3/c08n11_air_baccantes.mscx	Piano	62-62 (D4-D4)	Piano	38-38 (D2-D2)		
c09n01_charme	1: 4/4	1: 4	20	20	78.0	20.0	20.0	78.0		145.5	403	263	0	0	125	2.1.0	E	Tobias Drewelius	Johannes Menke	1724	1724	Franz Schubert	Menuett Nr. 1								2019-08-01	3.02	Linux			3.6.2	1.0.3	Le Charme	c09n01		Francois Couperin	False	40-61 (E2-C#4)	MS3/c09n01_charme.mscx	.mscx	7d452d5c1c4303fe129bb2d52c8d9adb	Tobias Drewelius	Johannes Menke		MS3	MS3/c09n01_charme.mscx	Piano	61-61 (C#4-C#4)	Piano	40-40 (E2-E2)		
c09n02_lenjouement	1: 4/4	1: 4	37	34	138.0	72.0	68.0	273.5	(((36,), (37,)),)	247.75	607	420	0	0	173	2.1.0	E	Tobias Drewelius	Johannes Menke	1724	1724	Franz Schubert	Menuett Nr. 1								2019-08-01	3.02	Linux			3.6.2	1.0.3	L'enjoüement	c09n02		Francois Couperin	False	40-59 (E2-B3)	MS3/c09n02_lenjouement.mscx	.mscx	7fcb6d405e84eaef63787b12be20df22	Tobias Drewelius	Johannes Menke		MS3	MS3/c09n02_lenjouement.mscx	Piano	59-59 (B3-B3)	Piano	40-40 (E2-E2)		
c09n03_graces	1: 6/4	1: 4	24	22	132.0	48.0	44.0	264.0		266.5	318	209	0	0	87	2.1.0	E	Tobias Drewelius	Johannes Menke	1724	1724	Franz Schubert	Menuett Nr. 1								2019-08-01	3.02	Linux			3.6.2	1.0.3	Les Graces	c09n03		Francois Couperin	False	40-61 (E2-C#4)	MS3/c09n03_graces.mscx	.mscx	7d41ef01ba00419ff6238687d1399da1	Tobias Drewelius	Johannes Menke		MS3	MS3/c09n03_graces.mscx	Piano	61-61 (C#4-C#4)	Piano	40-40 (E2-E2)		
c09n04_Lejene	1: 2/4	1: 4	54	52	104.0	108.0	104.0	208.0		187.25	354	221	0	0	110	2.1.0	E	Tobias Drewelius	Johannes Menke	1724	1724	Franz Schubert	Menuett Nr. 1								2019-08-01	3.02	Linux			3.6.2	1.0.3	Le, je-ne-Scay-quoy	c09n04		Francois Couperin	False	40-64 (E2-E4)	MS3/c09n04_Lejene.mscx	.mscx	eb50c0b2368170b3155737e6f1940c1a	Tobias Drewelius	Johannes Menke		MS3	MS3/c09n04_Lejene.mscx	Piano	64-64 (E4-E4)	Piano	40-40 (E2-E2)		
c09n05_vivacite	1: 4/4	1: 4	37	35	140.0	74.0	70.0	280.0		266.0	673	431	0	0	161	2.1.0	E	Tobias Drewelius	Johannes Menke	1724	1724	Franz Schubert	Menuett Nr. 1								2019-08-01	3.02	Linux			3.6.2	1.0.3	La Vivacité	c09n05		Francois Couperin	False	40-58 (E2-A#3)	MS3/c09n05_vivacite.mscx	.mscx	cbd439d736cfff14a4b76800bb25309f	Tobias Drewelius	Johannes Menke		MS3	MS3/c09n05_vivacite.mscx	Piano	58-58 (A#3-A#3)	Piano	40-40 (E2-E2)		
c09n06_Sarabande	1: 3/4	1: 1	25	24	75.0	49.0	48.0	147.0	(((8,), (9,)),)	144.0	213	141	0	0	50	2.1.0	e	Tobias Drewelius	Johannes Menke	1724	1724	Franz Schubert	Menuett Nr. 1								2019-08-01	3.02	Linux			3.6.2	1.0.3	Sarabande	c09n06		Francois Couperin	False	40-63 (E2-D#4)	MS3/c09n06_Sarabande.mscx	.mscx	0dc989eeed50a527ea6fce57a56a66b4	Tobias Drewelius	Johannes Menke		MS3	MS3/c09n06_Sarabande.mscx	Piano	63-63 (D#4-D#4)	Piano	40-40 (E2-E2)		
c09n07_douceur	1: 3/8	1: 1	45	42	64.5	87.0	84.0	126.75	(((17,), (18,)), ((44,), (45,)))	130.75	329	203	0	0	98	2.1.0	e	Tobias Drewelius	Johannes Menke	1724	1724	Franz Schubert	Menuett Nr. 1								2019-08-01	3.02	Linux			3.6.2	1.0.3	La Douceur	c09n07		Francois Couperin	False	35-63 (B1-D#4)	MS3/c09n07_douceur.mscx	.mscx	b625bc7471beb8690a40e91c26266e1c	Tobias Drewelius	Johannes Menke		MS3	MS3/c09n07_douceur.mscx	Piano	63-63 (D#4-D#4)	Piano	35-35 (B1-B1)		
c09n08_caetera	1: 6/8	1: 1, 15: 4	27	23	69.0	54.0	46.0	138.0		128.0	314	212	0	0	73	2.1.0	e	Tobias Drewelius	Johannes Menke	1724	1724	Franz Schubert	Menuett Nr. 1								2019-08-01	3.02	Linux			3.6.2	1.0.3	L'et Caetera ou Menuets	c09n08		Francois Couperin	False	40-62 (E2-D4)	MS3/c09n08_caetera.mscx	.mscx	73dd235f63b3aaeac87747b00b1feefa	Tobias Drewelius	Johannes Menke		MS3	MS3/c09n08_caetera.mscx	Piano	62-62 (D4-D4)	Piano	40-40 (E2-E2)		
c10n01_gravement	1: 4/4	1: 0	14	14	56.0	14.0	14.0	56.0		106.0	249	181	0	0	73	2.1.0	a	Tobias Drewelius	Johannes Menke	1724	1724	Franz Schubert	Menuett Nr. 1								2019-08-01	3.02	Linux			3.6.2	1.0.3	Gravement	c10n01		Francois Couperin	False	40-64 (E2-E4)	MS3/c10n01_gravement.mscx	.mscx	a3072f336a705fda660a33d5239f05f9	Tobias Drewelius	Johannes Menke		MS3	MS3/c10n01_gravement.mscx	Piano	64-64 (E4-E4)	Piano	40-40 (E2-E2)		
c10n02_air	1: 6/8	1: 0	34	32	96.0	68.0	64.0	192.0		182.25	429	266	0	0	122	2.1.0	a	Tobias Drewelius	Johannes Menke	1724	1724	Franz Schubert	Menuett Nr. 1								2019-08-01	3.02	Linux			3.6.2	1.0.3	Air Tender e Louré	c10n02		Francois Couperin	False	40-59 (E2-B3)	MS3/c10n02_air.mscx	.mscx	d167a1073d3462d2a1abdab4cb1f47be	Tobias Drewelius	Johannes Menke		MS3	MS3/c10n02_air.mscx	Piano	59-59 (B3-B3)	Piano	40-40 (E2-E2)		
c10n03_plainte	1: 4/4	1: 3, 23: 0	41	37	153.0	77.0	73.0	292.5	(((8,), (9,)), ((21,), (22,)), ((40,), (41,)))	388.5	530	263	0	0	88	2.1.0	A	Tobias Drewelius	Johannes Menke	1724	1724	Franz Schubert	Menuett Nr. 1								2019-08-01	3.02	Linux			3.6.2	1.0.3	Plainte, pour les Violes ou autres instruments a l'unisson	c10n03		Francois Couperin	False	33-52 (A1-E3)	MS3/c10n03_plainte.mscx	.mscx	c2643f386f894d791a08402c3802e2f8	Tobias Drewelius	Johannes Menke		MS3	MS3/c10n03_plainte.mscx	Piano	52-52 (E3-E3)	Piano	33-33 (A1-A1)		
c10n04_tromba	1: 6/8	1: 3	44	42	126.0	88.0	84.0	252.0		237.5	388	263	0	0	66	2.1.0	A	Tobias Drewelius	Johannes Menke	1724	1724	Franz Schubert	Menuett Nr. 1								2019-08-01	3.02	Linux			3.6.2	1.0.3	La Tromba	c10n04		Francois Couperin	False	40-59 (E2-B3)	MS3/c10n04_tromba.mscx	.mscx	e6d5ae2fc80d53da12c99a7409c5a39f	Tobias Drewelius	Johannes Menke		MS3	MS3/c10n04_tromba.mscx	Piano	59-59 (B3-B3)	Piano	40-40 (E2-E2)		
c11n01_majestueusement	1: 6/4	1: -2	38	38	228.0	38.0	38.0	228.0		429.5	297	222	0	0	85	2.1.0	c	Tobias Drewelius	Johannes Menke	1724	1724	Franz Schubert	Menuett Nr. 1								2019-08-01	3.02	Linux			3.6.2	1.0.3	Majestueusement	c11n01		Francois Couperin	False	41-65 (F2-F4)	MS3/c11n01_majestueusement.mscx	.mscx	d5a6ad70ccbf1a5697c33c8e30f8cae9	Tobias Drewelius	Johannes Menke		MS3	MS3/c11n01_majestueusement.mscx	Piano	65-65 (F4-F4)	Piano	41-41 (F2-F2)		
c11n02_allemande	1: 4/4	1: -2	24	22	88.0	48.0	44.0	176.0		159.62	479	318	0	0	116	2.1.0	c	Tobias Drewelius	Johannes Menke	1724	1724	Franz Schubert	Menuett Nr. 1								2019-08-01	3.02	Linux			3.6.2	1.0.3	Allemande	c11n02		Francois Couperin	False	36-60 (C2-C4)	MS3/c11n02_allemande.mscx	.mscx	f04b76f85391b2327b383b5c32b38c14	Tobias Drewelius	Johannes Menke		MS3	MS3/c11n02_allemande.mscx	Piano	60-60 (C4-C4)	Piano	36-36 (C2-C2)		
c11n03_seconde_allemande	1: 4/4	1: -2	22	20	80.0	44.0	40.0	160.0		152.5	423	268	0	0	113	2.1.0	c	Tobias Drewelius	Johannes Menke	1724	1724	Franz Schubert	Menuett Nr. 1								2019-08-01	3.02	Linux			3.6.2	1.0.3	Seconde Allemande plus Légére	c11n03		Francois Couperin	False	36-66 (C2-F#4)	MS3/c11n03_seconde_allemande.mscx	.mscx	4b1d26563e4ebdfa84332a70df8d3e9a	Tobias Drewelius	Johannes Menke		MS3	MS3/c11n03_seconde_allemande.mscx	Piano	66-66 (F#4-F#4)	Piano	36-36 (C2-C2)		
c11n04_courante	1: 6/4	1: -2	19	16	99.0				(((18,), (19,)),)	194.5	219	135	0	0	72	2.1.0	c	Tobias Drewelius	Johannes Menke	1724	1724	Franz Schubert	Menuett Nr. 1								2019-08-01	3.02	Linux			3.6.2	1.0.3	Courante	c11n04		Francois Couperin	False	36-65 (C2-F4)	MS3/c11n04_courante.mscx	.mscx	05412e3d9e19245302acb8b66eedd56a	Tobias Drewelius	Johannes Menke		MS3	MS3/c11n04_courante.mscx	Piano	65-65 (F4-F4)	Piano	36-36 (C2-C2)		
c11n05_seconde_courante	1: 6/4	1: 0	23	21	126.0	46.0	42.0	252.0		243.25	279	181	0	0	83	2.1.0	C	Tobias Drewelius	Johannes Menke	1724	1724	Franz Schubert	Menuett Nr. 1								2019-08-01	3.02	Linux			3.6.2	1.0.3	Seconde Courante	c11n05		Francois Couperin	False	36-60 (C2-C4)	MS3/c11n05_seconde_courante.mscx	.mscx	c2743780f457309632bcd9e12461412e	Tobias Drewelius	Johannes Menke		MS3	MS3/c11n05_seconde_courante.mscx	Piano	60-60 (C4-C4)	Piano	36-36 (C2-C2)		
c11n06_sarabande	1: 3/4	1: -2	36	36	108.0	72.0	72.0	216.0		196.0	260	196	0	0	67	2.1.0	c	Tobias Drewelius	Johannes Menke	1724	1724	Franz Schubert	Menuett Nr. 1								2019-08-01	3.02	Linux			3.6.2	1.0.3	Sarabande	c11n06		Francois Couperin	False	36-55 (C2-G3)	MS3/c11n06_sarabande.mscx	.mscx	feb68ab88015aa2eb380e06f9b0187b7	Tobias Drewelius	Johannes Menke		MS3	MS3/c11n06_sarabande.mscx	Piano	55-55 (G3-G3)	Piano	36-36 (C2-C2)		
c11n07_gigue	1: 6/8	1: -2	46	43	135.0	88.0	86.0	259.5	(((15,), (16,)), ((45,), (46,)))	261.75	469	263	0	0	165	2.1.0	c	Tobias Drewelius	Johannes Menke	1724	1724	Franz Schubert	Menuett Nr. 1								2019-08-01	3.02	Linux			3.6.2	1.0.3	Gigue	c11n07		Francois Couperin	False	36-60 (C2-C4)	MS3/c11n07_gigue.mscx	.mscx	b6a0a1b12563a5794c96cbdb1527f1c9	Tobias Drewelius	Johannes Menke		MS3	MS3/c11n07_gigue.mscx	Piano	60-60 (C4-C4)	Piano	36-36 (C2-C2)		
c11n08_Rondeau	1: 3/8	1: -2	60	57	85.0	45.0	40.0	60.0		164.25	437	266	0	0	129	2.1.0	c	Tobias Drewelius	Johannes Menke	1724	1724	Franz Schubert	Menuett Nr. 1								2019-08-01	3.02	Linux			3.6.2	1.0.3	Rondeau	c11n08		Francois Couperin	False	36-58 (C2-Bb3)	MS3/c11n08_Rondeau.mscx	.mscx	946c01c7cc578c9ed81d030dcb499f00	Tobias Drewelius	Johannes Menke		MS3	MS3/c11n08_Rondeau.mscx	Piano	58-58 (Bb3-Bb3)	Piano	36-36 (C2-C2)		
c12n01_pointe	1: 6/4	1: 3	42	41	248.0	84.0	82.0	496.0		479.0	380	251	0	0	0	2.1.0		Johannes Menke		1724	1724	Franz Schubert	Menuett Nr. 1								2019-08-01	3.02	Linux			3.6.2	1.0.3	Pointé Coule	c12n01		Francois Couperin	False	40-52 (E2-E3)	MS3/c12n01_pointe.mscx	.mscx	9b17f2caf7bfbf849c09fbbe45682e6d	Johannes Menke			MS3	MS3/c12n01_pointe.mscx	Piano	52-52 (E3-E3)	Piano	40-40 (E2-E2)		
c12n02_badinage	1: 6/8, 46: 4/4	1: 3	59	59	191.0	59.0	59.0	191.0		357.25	800	507	0	0	0	2.1.0		Johannes Menke		1724	1724	Franz Schubert	Menuett Nr. 1								2019-08-01	3.02	Linux			3.6.2	1.0.3	Badinage	c12n02		Francois Couperin	False	38-52 (D2-E3)	MS3/c12n02_badinage.mscx	.mscx	dabdec77422a1e7e7babd284938a9105	Johannes Menke			MS3	MS3/c12n02_badinage.mscx	Piano	52-52 (E3-E3)	Piano	38-38 (D2-D2)		
c12n03_air	1: 2/4	1: 3	60	58	117.0	103.0	100.0	202.0		231.75	707	430	0	0	0	2.1.0		Johannes Menke		1724	1724	Franz Schubert	Menuett Nr. 1								2019-08-01	3.02	Linux			3.6.2	1.0.3	Air	c12n03		Francois Couperin	False	40-40 (E2-E2)	MS3/c12n03_air.mscx	.mscx	9ace4541f8071a40b76442e04c1649e5	Johannes Menke			MS3	MS3/c12n03_air.mscx	Piano	40-40 (E2-E2)	Piano	40-40 (E2-E2)		
c13n01_unisson	1: 4/4	1: 1	18	18	72.0	18.0	18.0	72.0		139.75	393	240	0	0	0	2.1.0		Johannes Menke		1724	1724	Franz Schubert	Menuett Nr. 1								2019-08-01	3.02	Linux			3.6.2	1.0.3	L'unisson	c13n01		Francois Couperin	False	36-50 (C2-D3)	MS3/c13n01_unisson.mscx	.mscx	b3a74189f202778cab869330940bcdf4	Johannes Menke			MS3	MS3/c13n01_unisson.mscx	Piano	50-50 (D3-D3)	Piano	36-36 (C2-C2)		
c13n02_air	1: 6/8	1: -1	26	24	72.0	52.0	48.0	144.0		139.5	334	185	0	0	0	2.1.0		Johannes Menke		1724	1724	Franz Schubert	Menuett Nr. 1								2019-08-01	3.02	Linux			3.6.2	1.0.3	Air	c13n02		Francois Couperin	False	38-50 (D2-D3)	MS3/c13n02_air.mscx	.mscx	81ae1bc6c02217d8434ca3450fde3b17	Johannes Menke			MS3	MS3/c13n02_air.mscx	Piano	50-50 (D3-D3)	Piano	38-38 (D2-D2)		
c13n03_sarabande	1: 3/4	1: 1	30	29	90.0	59.0	58.0	177.0	(((8,), (9,)),)	172.0	229	141	0	0	0	2.1.0		Johannes Menke		1724	1724	Franz Schubert	Menuett Nr. 1								2019-08-01	3.02	Linux			3.6.2	1.0.3	Sarabande	c13n03		Francois Couperin	False	38-50 (D2-D3)	MS3/c13n03_sarabande.mscx	.mscx	ad5b1e153e3b977d474906873de03f0b	Johannes Menke			MS3	MS3/c13n03_sarabande.mscx	Piano	50-50 (D3-D3)	Piano	38-38 (D2-D2)		
c13n04_chaconne	1: 3/8	1: 1, 33: -1, 61: 1	93	93	139.5	93.0	93.0	139.5		257.75	714	451	0	0	0	2.1.0		Johannes Menke		1724	1724	Franz Schubert	Menuett Nr. 1								2019-08-01	3.02	Linux			3.6.2	1.0.3	Chaconne	c13n04		Francois Couperin	False	36-47 (C2-B2)	MS3/c13n04_chaconne.mscx	.mscx	e2718dda68ab300317ade98f04c707da	Johannes Menke			MS3	MS3/c13n04_chaconne.mscx	Piano	47-47 (B2-B2)	Piano	36-36 (C2-C2)		
c14n01_gravement	1: 4/4	1: 0	15	15	60.0	15.0	15.0	60.0		111.5	283	191	0	0	83	2.1.0	d	Johannes Menke		1724	1724	Franz Schubert	Menuett Nr. 1								2019-08-01	3.02	Linux			3.6.2	1.0.3	Gravement	c14n01		Francois Couperin	False	38-62 (D2-D4)	MS3/c14n01_gravement.mscx	.mscx	964f5d105a05bef8644b842fd3ccb5ed	Johannes Menke			MS3	MS3/c14n01_gravement.mscx	Piano	62-62 (D4-D4)	Piano	38-38 (D2-D2)		
c14n02_allemande	1: 4/4	1: 0	27	24	96.5	51.0	47.0	188.0	(((26,), (27,)),)	172.75	363	242	0	0	94	2.1.0	d	Johannes Menke		1724	1724	Franz Schubert	Menuett Nr. 1								2019-08-01	3.02	Linux			3.6.2	1.0.3	Allemande	c14n02		Francois Couperin	False	38-57 (D2-A3)	MS3/c14n02_allemande.mscx	.mscx	cc9c5de38d6cbbacc4bc6140aaee5162	Johannes Menke			MS3	MS3/c14n02_allemande.mscx	Piano	57-57 (A3-A3)	Piano	38-38 (D2-D2)		
c14n03_sarabande	1: 3/4	1: 0	28	28	84.0	56.0	56.0	168.0		159.75	196	124	0	0	55	2.1.0	d	Johannes Menke		1724	1724	Franz Schubert	Menuett Nr. 1								2019-08-01	3.02	Linux			3.6.2	1.0.3	Sarabande	c14n03		Francois Couperin	False	41-57 (F2-A3)	MS3/c14n03_sarabande.mscx	.mscx	1c68d320857b89c638774a26dbccb0cb	Johannes Menke			MS3	MS3/c14n03_sarabande.mscx	Piano	57-57 (A3-A3)	Piano	41-41 (F2-F2)		
c14n04_fuguete	1: 6/8	1: 0	56	56	168.0	56.0	56.0	168.0		317.25	803	543	0	0	215	2.1.0	d	Johannes Menke		1724	1724	Franz Schubert	Menuett Nr. 1								2019-08-01	3.02	Linux			3.6.2	1.0.3	Fuguéte	c14n04		Francois Couperin	False	38-57 (D2-A3)	MS3/c14n04_fuguete.mscx	.mscx	5172b470681f6721dd237873f66907a8	Johannes Menke			MS3	MS3/c14n04_fuguete.mscx	Piano	57-57 (A3-A3)	Piano	38-38 (D2-D2)		
parnasse_01	1: 4/4	1: 2	18	18	70.0	18.0	18.0	70.0		196.0	339	195	0	0	81	2.1.0	b	Johannes Menke		1724	1724	Franz Schubert	Menuett Nr. 1								2019-08-01	3.02	Linux			3.6.2	1.0.3	Corelli au piéd du Parnasse prie les Muses de le Recevoir parmi elles.	parnasse_01		Francois Couperin	False	38-61 (D2-C#4)	MS3/parnasse_01.mscx	.mscx	5bcc10ec39222cfe03ae79bcc953c1da	Johannes Menke			MS3	MS3/parnasse_01.mscx	Piano	61-61 (C#4-C#4)	Piano	58-58 (A#3-A#3)	Piano	38-38 (D2-D2)
parnasse_02	1: 6/8	1: 2	62	62	184.5	62.0	62.0	184.5		497.0	1156	613	0	0	243	2.1.0	b	Johannes Menke		1724	1724	Franz Schubert	Menuett Nr. 1								2019-08-01	3.02	Linux			3.6.2	1.0.3	Corelli Charmé de la bonne réception qu'on lui fait au Parnasse en marque Sajoye	parnasse_02		Francois Couperin	False	38-59 (D2-B3)	MS3/parnasse_02.mscx	.mscx	ce967e59479f566ea4c4734277b0166d	Johannes Menke			MS3	MS3/parnasse_02.mscx	Piano	57-57 (A3-A3)	Piano	59-59 (B3-B3)	Piano	38-38 (D2-D2)
parnasse_03	1: 4/4	1: 2	59	58	235.0	59.0	58.0	235.0		655.0	627	452	0	0	105	2.1.0	D	Johannes Menke		1724	1724	Franz Schubert	Menuett Nr. 1								2019-08-01	3.02	Linux			3.6.2	1.0.3	Corelli buvant á la Source D'hypocrene Sa troupe Continue	parnasse_03		Francois Couperin	False	38-61 (D2-C#4)	MS3/parnasse_03.mscx	.mscx	f874910df973e97bb43710a52aea6954	Johannes Menke			MS3	MS3/parnasse_03.mscx	Piano	61-61 (C#4-C#4)	Piano	57-57 (A3-A3)	Piano	38-38 (D2-D2)
parnasse_04	1: 3/8	1: 2	57	57	84.5	57.0	57.0	84.5		196.62	602	349	0	0	98	2.1.0	D	Johannes Menke		1724	1724	Franz Schubert	Menuett Nr. 1								2019-08-01	3.02	Linux			3.6.2	1.0.3	Entouziafme de Corelli Causé par les eaux D'hypocréne	parnasse_04		Francois Couperin	False	40-62 (E2-D4)	MS3/parnasse_04.mscx	.mscx	57dce69085547f7fc5c4091351e2002a	Johannes Menke			MS3	MS3/parnasse_04.mscx	Piano	62-62 (D4-D4)	Piano	57-57 (A3-A3)	Piano	40-40 (E2-E2)
parnasse_05	1: 4/4	1: 2	27	26	107.5	27.0	26.0	107.5		276.0	405	216	0	0	99	2.1.0	D	Johannes Menke		1724	1724	Franz Schubert	Menuett Nr. 1								2019-08-01	3.02	Linux			3.6.2	1.0.3	"Corelli aprés son Entouziasme S'endort;
et sa Troupe joue le Sommeil suivat tres doux"	parnasse_05		Francois Couperin	False	36-59 (C2-B3)	MS3/parnasse_05.mscx	.mscx	ca9aa04e839f7668d8753905541f237e	Johannes Menke			MS3	MS3/parnasse_05.mscx	Piano	59-59 (B3-B3)	Piano	55-55 (G3-G3)	Piano	36-36 (C2-C2)
parnasse_06	1: 3/8	1: 2	32	32	48.0	32.0	32.0	48.0		121.63	439	223	0	0	56	2.1.0	D	Johannes Menke		1724	1724	Franz Schubert	Menuett Nr. 1								2019-08-01	3.02	Linux			3.6.2	1.0.3	Les Muses reveillent Corelli et le placent auprés D'Apollon	parnasse_06		Francois Couperin	False	38-65 (D2-E#4)	MS3/parnasse_06.mscx	.mscx	d39cad4e6a7f24c2d3c41e4294ff757b	Johannes Menke			MS3	MS3/parnasse_06.mscx	Piano	65-65 (E#4-E#4)	Piano	64-64 (E4-E4)	Piano	38-38 (D2-D2)
parnasse_07	1: 4/4	1: 2	53	53	212.0	53.0	53.0	212.0		514.0	1257	686	0	0	224	2.1.0	b	Johannes Menke		1724	1724	Franz Schubert	Menuett Nr. 1								2019-08-01	3.02	Linux			3.6.2	1.0.3	Remerciment de Corelli	parnasse_07		Francois Couperin	False	38-61 (D2-C#4)	MS3/parnasse_07.mscx	.mscx	d82070fdaedd45032243cb92f5edcb5f	Johannes Menke			MS3	MS3/parnasse_07.mscx	Piano	61-61 (C#4-C#4)	Piano	59-59 (B3-B3)	Piano	38-38 (D2-D2)
